"county_id";"city_id";"name";"type"
1;2685;"Acsád";"city"
1;2686;"Alsószölnök";"city"
1;2687;"Alsóújlak";"city"
1;2688;"Andrásfa";"city"
1;2689;"Apátistvánfalva";"city"
1;2690;"Bajánsenye";"city"
1;2691;"Balogunyom";"city"
1;2692;"Bejcgyertyános";"city"
1;2693;"Bérbaltavár";"city"
1;2694;"Bő";"city"
1;2695;"Boba";"city"
1;2696;"Bögöt";"city"
1;2697;"Bögöte";"city"
1;2698;"Borgáta";"city"
1;2699;"Bozsok";"city"
1;2700;"Bozzai";"city"
1;2701;"Bucsu";"city"
1;2702;"Bük";"city"
1;2703;"Bük-Bükfürdő";"city"
1;2704;"Cák";"city"
1;2705;"Celldömölk";"city"
1;2706;"Celldömölk-Izsákfa";"city"
1;2707;"Chernelházadamonya";"city"
1;2708;"Csákánydoroszló";"city"
1;2709;"Csánig";"city"
1;2710;"Csehi";"city"
1;2711;"Csehimindszent";"city"
1;2712;"Csempeszkopács";"city"
1;2713;"Csénye";"city"
1;2714;"Csepreg";"city"
1;2715;"Csipkerek";"city"
1;2716;"Csönge";"city"
1;2717;"Csörötnek";"city"
1;2718;"Daraboshegy";"city"
1;2719;"Döbörhegy";"city"
1;2720;"Döröske";"city"
1;2721;"Dozmat";"city"
1;2722;"Duka";"city"
1;2723;"Egervölgy";"city"
1;2724;"Egyházashetye";"city"
1;2725;"Egyházashollós";"city"
1;2726;"Egyházasrádóc";"city"
1;2727;"Felsőcsatár";"city"
1;2728;"Felsőjánosfa";"city"
1;2729;"Felsőmarác";"city"
1;2730;"Felsőszölnök";"city"
1;2731;"Gasztony";"city"
1;2732;"Gencsapáti";"city"
1;2733;"Gérce";"city"
1;2734;"Gersekarát";"city"
1;2735;"Gór";"city"
1;2736;"Gyanógeregye";"city"
1;2737;"Gyöngyösfalu";"city"
1;2738;"Győrvár";"city"
1;2739;"Halastó";"city"
1;2740;"Halogy";"city"
1;2741;"Harasztifalu";"city"
1;2742;"Hegyfalu";"city"
1;2743;"Hegyháthodász";"city"
1;2744;"Hegyhátsál";"city"
1;2745;"Hegyhátszentjakab";"city"
1;2746;"Hegyhátszentmárton";"city"
1;2747;"Hegyhátszentpéter";"city"
1;2748;"Horvátlövő";"city"
1;2749;"Horvátzsidány";"city"
1;2750;"Hosszúpereszteg";"city"
1;2751;"Ikervár";"city"
1;2752;"Iklanberény";"city"
1;2753;"Ispánk";"city"
1;2754;"Ivánc";"city"
1;2755;"Ják";"city"
1;2756;"Jákfa";"city"
1;2757;"Jánosháza";"city"
1;2758;"Káld";"city"
1;2759;"Kám";"city"
1;2760;"Karakó";"city"
1;2761;"Katafa";"city"
1;2762;"Keléd";"city"
1;2763;"Kemeneskápolna";"city"
1;2764;"Kemenesmagasi";"city"
1;2765;"Kemenesmihályfa";"city"
1;2766;"Kemenespálfa";"city"
1;2767;"Kemenessömjén";"city"
1;2768;"Kemenesszentmárton";"city"
1;2769;"Kemestaródfa";"city"
1;2770;"Kenéz";"city"
1;2771;"Kenyeri";"city"
1;2772;"Kercaszomor";"city"
1;2773;"Kerkáskápolna";"city"
1;2774;"Kétvölgy";"city"
1;2775;"Kisrákos";"city"
1;2776;"Kissomlyó";"city"
1;2777;"Kisunyom";"city"
1;2778;"Kiszsidány";"city"
1;2779;"Köcsk";"city"
1;2780;"Kondorfa";"city"
1;2781;"Körmend";"city"
1;2782;"Körmend-Horvátnádalja";"city"
1;2783;"Kőszeg";"city"
1;2784;"Kőszegdoroszló";"city"
1;2785;"Kőszegpaty";"city"
1;2786;"Kőszegszerdahely";"city"
1;2787;"Lócs";"city"
1;2788;"Lukácsháza";"city"
1;2789;"Magyarlak";"city"
1;2790;"Magyarnádalja";"city"
1;2791;"Magyarszecsőd";"city"
1;2792;"Magyarszombatfa";"city"
1;2793;"Meggyeskovácsi";"city"
1;2794;"Megyehid";"city"
1;2795;"Mersevát";"city"
1;2796;"Mesterháza";"city"
1;2797;"Mesteri";"city"
1;2798;"Meszlen";"city"
1;2799;"Mikosszéplak";"city"
1;2800;"Molnaszecsőd";"city"
1;2801;"Nádasd";"city"
1;2802;"Nagygeresd";"city"
1;2803;"Nagykölked";"city"
1;2804;"Nagymizdó";"city"
1;2805;"Nagyrákos";"city"
1;2806;"Nagysimonyi";"city"
1;2807;"Nagytilaj";"city"
1;2808;"Nárai";"city"
1;2809;"Narda";"city"
1;2810;"Nemesbőd";"city"
1;2811;"Nemescsó";"city"
1;2812;"Nemeskeresztúr";"city"
1;2813;"Nemeskocs";"city"
1;2814;"Nemeskolta";"city"
1;2815;"Nemesládony";"city"
1;2816;"Nemesmedves";"city"
1;2817;"Nemesrempehollós";"city"
1;2818;"Nick";"city"
1;2819;"Nyőgér";"city"
1;2820;"Olaszfa";"city"
1;2821;"Ölbő";"city"
1;2822;"Ólmod";"city"
1;2823;"Orfalu";"city"
1;2824;"Őrimagyarósd";"city"
1;2825;"Őriszentpéter";"city"
1;2826;"Ostffyasszonyfa";"city"
1;2827;"Oszkó";"city"
1;2828;"Pácsony";"city"
1;2829;"Pankasz";"city"
1;2830;"Pápoc";"city"
1;2831;"Pecöl";"city"
1;2832;"Perenye";"city"
1;2833;"Peresznye";"city"
1;2834;"Petőmihályfa";"city"
1;2835;"Pinkamindszent";"city"
1;2836;"Pornóapáti";"city"
1;2837;"Porpác";"city"
1;2838;"Pósfa";"city"
1;2839;"Püspökmolnári";"city"
1;2840;"Pusztacsó";"city"
1;2841;"Rábagyarmat";"city"
1;2842;"Rábahidvég";"city"
1;2843;"Rábapaty";"city"
1;2844;"Rábatöttös";"city"
1;2845;"Rádóckölked";"city"
1;2846;"Rátót";"city"
1;2847;"Répcelak";"city"
1;2848;"Répceszentgyörgy";"city"
1;2849;"Rönök";"city"
1;2850;"Rum";"city"
1;2851;"Sajtoskál";"city"
1;2852;"Salköveskút";"city"
1;2853;"Sárfimizdó";"city"
1;2854;"Sárvár";"city"
1;2855;"Sárvár-Lánkapuszta";"city"
1;2856;"Sárvár-Rábasömjén";"city"
1;2857;"Sé";"city"
1;2858;"Simaság";"city"
1;2859;"Sitke";"city"
1;2860;"Söpte";"city"
1;2861;"Sorkifalud";"city"
1;2862;"Sorkikápolna";"city"
1;2863;"Sorokpolány";"city"
1;2864;"Sótony";"city"
1;2865;"Szaknyér";"city"
1;2866;"Szakonyfalu";"city"
1;2867;"Szalafő";"city"
1;2868;"Szarvaskend";"city"
1;2869;"Szatta";"city"
1;2870;"Szeleste";"city"
1;2871;"Szemenye";"city"
1;2872;"Szentgotthárd";"city"
1;2873;"Szentgotthárd-Farkasfa";"city"
1;2874;"Szentgotthárd-Rábafüzes";"city"
1;2875;"Szentpéterfa";"city"
1;2876;"Szergény";"city"
1;2877;"Szőce";"city"
1;2878;"Szombathely";"city"
1;2879;"Szombathely-Szentkirály";"city"
1;2880;"Tanakajd";"city"
1;2881;"Táplánszentkereszt";"city"
1;2882;"Telekes";"city"
1;2883;"Tokorcs";"city"
1;2884;"Tömörd";"city"
1;2885;"Tompaládony";"city"
1;2886;"Tormásliget";"city"
1;2887;"Torony";"city"
1;2888;"Uraiújfalu";"city"
1;2889;"Vámoscsalád";"city"
1;2890;"Vasalja";"city"
1;2891;"Vásárosmiske";"city"
1;2892;"Vasasszonyfa";"city"
1;2893;"Vasegerszeg";"city"
1;2894;"Vashosszúfalu";"city"
1;2895;"Vaskeresztes";"city"
1;2896;"Vassurány";"city"
1;2897;"Vasszécseny";"city"
1;2898;"Vasszentmihály";"city"
1;2899;"Vasszilvágy";"city"
1;2900;"Vasvár";"city"
1;2901;"Vát";"city"
1;2902;"Velem";"city"
1;2903;"Velemér";"city"
1;2904;"Vép";"city"
1;2905;"Viszák";"city"
1;2906;"Vönöck";"city"
1;2907;"Zsédeny";"city"
1;2908;"Zsennye";"city"
2;895;"I.";"city"
2;896;"II.";"city"
2;897;"III.";"city"
2;898;"IV.";"city"
2;899;"V.";"city"
2;900;"VI.";"city"
2;901;"VII.";"city"
2;902;"VIII.";"city"
2;903;"IX.";"city"
2;904;"X.";"city"
2;905;"XI.";"city"
2;906;"XII.";"city"
2;907;"XIII.";"city"
2;908;"XIV.";"city"
2;909;"XV.";"city"
2;910;"XVI.";"city"
2;911;"XVII.";"city"
2;912;"XVIII.";"city"
2;913;"XIX.";"city"
2;914;"XX.";"city"
2;915;"XXI.";"city"
2;916;"XXII.";"city"
2;917;"XXIII.";"city"
6;29;"Ágasegyháza";"city"
6;30;"Akasztó";"city"
6;31;"Apostag";"city"
6;32;"Bácsalmás";"city"
6;33;"Bácsbokod";"city"
6;34;"Bácsborsód";"city"
6;35;"Bácsszentgyörgy";"city"
6;36;"Bácsszőlős";"city"
6;37;"Baja";"city"
6;38;"Ballószög";"city"
6;39;"Balotaszállás";"city"
6;40;"Bátmonostor";"city"
6;41;"Bátya";"city"
6;42;"Bócsa";"city"
6;43;"Borota";"city"
6;44;"Bugac";"city"
6;45;"Bugacpusztaháza";"city"
6;46;"Császártöltés";"city"
6;47;"Csátalja";"city"
6;48;"Csávoly";"city"
6;49;"Csengőd";"city"
6;50;"Csikéria";"city"
6;51;"Csólyospálos";"city"
6;52;"Dávod";"city"
6;53;"Drágszél";"city"
6;54;"Dunaegyháza";"city"
6;55;"Dunafalva";"city"
6;56;"Dunapataj";"city"
6;57;"Dunaszentbenedek";"city"
6;58;"Dunatetétlen";"city"
6;59;"Dunavecse";"city"
6;60;"Dusnok";"city"
6;61;"Érsekcsanád";"city"
6;62;"Érsekhalma";"city"
6;63;"Fajsz";"city"
6;64;"Felsőlajos";"city"
6;65;"Felsőszentiván";"city"
6;66;"Foktő";"city"
6;67;"Fülöpháza";"city"
6;68;"Fülöpjakab";"city"
6;69;"Fülöpszállás";"city"
6;70;"Gara";"city"
6;71;"Gátér";"city"
6;72;"Géderlak";"city"
6;73;"Hajós";"city"
6;74;"Harkakötöny";"city"
6;75;"Harta";"city"
6;76;"Helvécia";"city"
6;77;"Hercegszántó";"city"
6;78;"Homokmégy";"city"
6;79;"Imrehegy";"city"
6;80;"Izsák";"city"
6;81;"Jakabszállás";"city"
6;82;"Jánoshalma";"city"
6;83;"Jászszentlászló";"city"
6;84;"Kalocsa";"city"
6;85;"Kaskantyú";"city"
6;86;"Katymár";"city"
6;87;"Kecel";"city"
6;88;"Kecskemét";"city"
6;89;"Kelebia";"city"
6;90;"Kéleshalom";"city"
6;91;"Kerekegyháza";"city"
6;92;"Kiskőrös";"city"
6;93;"Kiskunfélegyháza";"city"
6;94;"Kiskunhalas";"city"
6;95;"Kiskunmajsa";"city"
6;96;"Kisszállás";"city"
6;97;"Kömpöc";"city"
6;98;"Kunadacs";"city"
6;99;"Kunbaja";"city"
6;100;"Kunbaracs";"city"
6;101;"Kunfehértó";"city"
6;102;"Kunpeszér";"city"
6;103;"Kunszállás";"city"
6;104;"Kunszentmiklós";"city"
6;105;"Ladánybene";"city"
6;106;"Lajosmizse";"city"
6;107;"Lakitelek";"city"
6;108;"Madaras";"city"
6;109;"Mátételke";"city"
6;110;"Mélykút";"city"
6;111;"Miske";"city"
6;112;"Móricgát";"city"
6;113;"Nagybaracska";"city"
6;114;"Nemesnádudvar";"city"
6;115;"Nyárlőrinc";"city"
6;116;"Ordas";"city"
6;117;"Öregcsertő";"city"
6;118;"Orgovány";"city"
6;119;"Páhi";"city"
6;120;"Pálmonostora";"city"
6;121;"Petőfiszállás";"city"
6;122;"Pirtó";"city"
6;123;"Rém";"city"
6;124;"Solt";"city"
6;125;"Soltszentimre";"city"
6;126;"Soltvadkert";"city"
6;127;"Sükösd";"city"
6;128;"Szabadszállás";"city"
6;129;"Szakmár";"city"
6;130;"Szalkszentmárton";"city"
6;131;"Szank";"city"
6;132;"Szentkirály";"city"
6;133;"Szeremle";"city"
6;134;"Tabdi";"city"
6;135;"Tass";"city"
6;136;"Tataháza";"city"
6;137;"Tázlár";"city"
6;138;"Tiszaalpár";"city"
6;139;"Tiszakécske";"city"
6;140;"Tompa";"city"
6;141;"Újsolt";"city"
6;142;"Újtelek";"city"
6;143;"Uszód";"city"
6;144;"Városföld";"city"
6;145;"Vaskút";"city"
6;146;"Zsana";"city"
7;147;"Abaliget";"city"
7;148;"Adorjás";"city"
7;149;"Ág";"city"
7;150;"Almamellék";"city"
7;151;"Almáskeresztúr";"city"
7;152;"Alsómocsolád";"city"
7;153;"Alsószentmárton";"city"
7;154;"Apátvarasd";"city"
7;155;"Aranyosgadány";"city"
7;156;"Áta";"city"
7;157;"Babarc";"city"
7;158;"Babarcszőlős";"city"
7;159;"Bakóca";"city"
7;160;"Bakonya";"city"
7;161;"Baksa";"city"
7;162;"Bánfa";"city"
7;163;"Bár";"city"
7;164;"Baranyahidvég";"city"
7;165;"Baranyajenő";"city"
7;166;"Baranyaszentgyörgy";"city"
7;167;"Basal";"city"
7;168;"Belvárdgyula";"city"
7;169;"Beremend";"city"
7;170;"Berkesd";"city"
7;171;"Besence";"city"
7;172;"Bezedek";"city"
7;173;"Bicsérd";"city"
7;174;"Bikal";"city"
7;175;"Birján";"city"
7;176;"Bisse";"city"
7;177;"Boda";"city"
7;178;"Bodolyabér";"city"
7;179;"Bogád";"city"
7;180;"Bogádmindszent";"city"
7;181;"Bogdása";"city"
7;182;"Boldogasszonyfa";"city"
7;183;"Bóly";"city"
7;184;"Borjád";"city"
7;185;"Bosta";"city"
7;186;"Botykapeterd";"city"
7;187;"Bükkösd";"city"
7;188;"Bürüs";"city"
7;189;"Csányoszró";"city"
7;190;"Csarnóta";"city"
7;191;"Csebény";"city"
7;192;"Cserdi";"city"
7;193;"Cserkút";"city"
7;194;"Csertő";"city"
7;195;"Csonkamindszent";"city"
7;196;"Cún";"city"
7;197;"Dencsháza";"city"
7;198;"Dinnyeberki";"city"
7;199;"Diósviszló";"city"
7;200;"Drávacsehi";"city"
7;201;"Drávacsepely";"city"
7;202;"Drávafok";"city"
7;203;"Drávaiványi";"city"
7;204;"Drávakeresztúr";"city"
7;205;"Drávapalkonya";"city"
7;206;"Drávapiski";"city"
7;207;"Drávaszabolcs";"city"
7;208;"Drávaszerdahely";"city"
7;209;"Drávasztára";"city"
7;210;"Dunaszekcső";"city"
7;211;"Egerág";"city"
7;212;"Egyházasharaszti";"city"
7;213;"Egyházaskozár";"city"
7;214;"Ellend";"city"
7;215;"Endrőc";"city"
7;216;"Erdősmárok";"city"
7;217;"Erdősmecske";"city"
7;218;"Erzsébet";"city"
7;219;"Fazekasboda";"city"
7;220;"Feked";"city"
7;221;"Felsőegerszeg";"city"
7;222;"Felsőszentmárton";"city"
7;223;"Garé";"city"
7;224;"Gerde";"city"
7;225;"Gerényes";"city"
7;226;"Geresdlak";"city"
7;227;"Gilvánfa";"city"
7;228;"Gödre";"city"
7;229;"Gödre-Gödrekeresztúr";"city"
7;230;"Görcsöny";"city"
7;231;"Görcsönydoboka";"city"
7;232;"Gordisa";"city"
7;233;"Gyód";"city"
7;234;"Gyöngyfa";"city"
7;235;"Gyöngyösmellék";"city"
7;236;"Harkány";"city"
7;237;"Hásságy";"city"
7;238;"Hegyhátmaróc";"city"
7;239;"Hegyszentmárton";"city"
7;240;"Helesfa";"city"
7;241;"Hetvehely";"city"
7;242;"Hidas";"city"
7;243;"Hímesháza";"city"
7;244;"Hirics";"city"
7;245;"Hobol";"city"
7;246;"Homorúd";"city"
7;247;"Horváthertelend";"city"
7;248;"Hosszúhetény";"city"
7;249;"Husztót";"city"
7;250;"Ibafa";"city"
7;251;"Illocska";"city"
7;252;"Ipacsfa";"city"
7;253;"Ivánbattyán";"city"
7;254;"Ivándárda";"city"
7;255;"Kacsóta";"city"
7;256;"Kákics";"city"
7;257;"Kárász";"city"
7;258;"Kásád";"city"
7;259;"Katádfa";"city"
7;260;"Kátoly";"city"
7;261;"Kékesd";"city"
7;262;"Kémes";"city"
7;263;"Kemse";"city"
7;264;"Keszü";"city"
7;265;"Kétújfalu";"city"
7;266;"Királyegyháza";"city"
7;267;"Kisasszonyfa";"city"
7;268;"Kisbeszterce";"city"
7;269;"Kisbudmér";"city"
7;270;"Kisdér";"city"
7;271;"Kisdobsza";"city"
7;272;"Kishajmás";"city"
7;273;"Kisharsány";"city"
7;274;"Kisherend";"city"
7;275;"Kisjakabfalva";"city"
7;276;"Kiskassa";"city"
7;277;"Kislippó";"city"
7;278;"Kisnyárád";"city"
7;279;"Kisszentmárton";"city"
7;280;"Kistamási";"city"
7;281;"Kistapolca";"city"
7;282;"Kistótfalu";"city"
7;283;"Kisvaszar";"city"
7;284;"Köblény";"city"
7;285;"Kökény";"city"
7;286;"Kölked";"city"
7;287;"Komló";"city"
7;288;"Komló-Mecekjánosi";"city"
7;289;"Kórós";"city"
7;290;"Kovácshida";"city"
7;291;"Kovácsszénája";"city"
7;292;"Kővágószőlős";"city"
7;293;"Kővágótőttős";"city"
7;294;"Kozármisleny";"city"
7;295;"Lánycsók";"city"
7;296;"Lapáncsa";"city"
7;297;"Lengyel";"city"
7;298;"Liget";"city"
7;299;"Lippó";"city"
7;300;"Liptód";"city"
7;301;"Lothárd";"city"
7;302;"Lovászhetény";"city"
7;303;"Lúzsok";"city"
7;304;"Mágocs";"city"
7;305;"Magyarbóly";"city"
7;306;"Magyaregregy";"city"
7;307;"Magyarhertelend";"city"
7;308;"Magyarlukafa";"city"
7;309;"Magyarmecske";"city"
7;310;"Magyarsarlós";"city"
7;311;"Magyarszék";"city"
7;312;"Magyartelek";"city"
7;313;"Majs";"city"
7;314;"Mánfa";"city"
7;315;"Maráza";"city"
7;316;"Márfa";"city"
7;317;"Máriakéménd";"city"
7;318;"Markóc";"city"
7;319;"Marócsa";"city"
7;320;"Márok";"city"
7;321;"Martonfa";"city"
7;322;"Matty";"city"
7;323;"Máza";"city"
7;324;"Mecseknádasd";"city"
7;325;"Mecsekpölöske";"city"
7;326;"Mekényes";"city"
7;327;"Merenye";"city"
7;328;"Meződ";"city"
7;329;"Mindszentgodisa";"city"
7;330;"Mohács";"city"
7;331;"Mohács-Sárhát";"city"
7;332;"Mohács-Újmohács";"city"
7;333;"Molvány";"city"
7;334;"Monyoród";"city"
7;335;"Mozsgó";"city"
7;336;"Nagybudmér";"city"
7;337;"Nagycsány";"city"
7;338;"Nagydobsza";"city"
7;339;"Nagyhajmás";"city"
7;340;"Nagyharsány";"city"
7;341;"Nagykozár";"city"
7;342;"Nagynyárád";"city"
7;343;"Nagypall";"city"
7;344;"Nagypeterd";"city"
7;345;"Nagytótfalu";"city"
7;346;"Nagyváty";"city"
7;347;"Nemeske";"city"
7;348;"Nyugotszenterzsébet";"city"
7;349;"Óbánya";"city"
7;350;"Ócsárd";"city"
7;351;"Ófalu";"city"
7;352;"Okorág";"city"
7;353;"Okorvölgy";"city"
7;354;"Olasz";"city"
7;355;"Old";"city"
7;356;"Orfű";"city"
7;357;"Oroszló";"city"
7;358;"Ózdfalu";"city"
7;359;"Palé";"city"
7;360;"Palkonya";"city"
7;361;"Palotabozsok";"city"
7;362;"Páprád";"city"
7;363;"Patapoklosi";"city"
7;364;"Pécs";"city"
7;365;"Pécs-Hird";"city"
7;366;"Pécs-Vasas";"city"
7;367;"Pécsbagota";"city"
7;368;"Pécsdevecser";"city"
7;369;"Pécsudvard";"city"
7;370;"Pécsvárad";"city"
7;371;"Pellérd";"city"
7;372;"Pereked";"city"
7;373;"Peterd";"city"
7;374;"Pettend";"city"
7;375;"Piskó";"city"
7;376;"Pócsa";"city"
7;377;"Pogány";"city"
7;378;"Rádfalva";"city"
7;379;"Regenye";"city"
7;380;"Romonya";"city"
7;381;"Rózsafa";"city"
7;382;"Sámod";"city"
7;383;"Sárok";"city"
7;384;"Sásd";"city"
7;385;"Sátorhely";"city"
7;386;"Sellye";"city"
7;387;"Siklós";"city"
7;388;"Siklósbodony";"city"
7;389;"Siklósnagyfalu";"city"
7;390;"Somberek";"city"
7;391;"Somogyapáti";"city"
7;392;"Somogyhárságy";"city"
7;393;"Somogyhatvan";"city"
7;394;"Somogyviszló";"city"
7;395;"Sósvertike";"city"
7;396;"Sumony";"city"
7;397;"Szabadszentkirály";"city"
7;398;"Szágy";"city"
7;399;"Szajk";"city"
7;400;"Szalánta";"city"
7;401;"Szalatnak";"city"
7;402;"Szaporca";"city"
7;403;"Szászvár";"city"
7;404;"Szava";"city"
7;405;"Szebény";"city"
7;406;"Szederkény";"city"
7;407;"Székelyszabar";"city"
7;408;"Szellő";"city"
7;409;"Szemely";"city"
7;410;"Szentdénes";"city"
7;411;"Szentegát";"city"
7;412;"Szentkatalin";"city"
7;413;"Szentlászló";"city"
7;414;"Szentlőrinc";"city"
7;415;"Szigetvár";"city"
7;416;"Szilágy";"city"
7;417;"Szilvás";"city"
7;418;"Szőke";"city"
7;419;"Szőkéd";"city"
7;420;"Szörény";"city"
7;421;"Szulimán";"city"
7;422;"Szűr";"city"
7;423;"Tékes";"city"
7;424;"Teklafalu";"city"
7;425;"Tengeri";"city"
7;426;"Tésenfa";"city"
7;427;"Téseny";"city"
7;428;"Tófű";"city"
7;429;"Tormás";"city"
7;430;"Tótszentgyörgy";"city"
7;431;"Töttös";"city"
7;432;"Túrony";"city"
7;433;"Udvar";"city"
7;434;"Újpetre";"city"
7;435;"Vajszló";"city"
7;436;"Várad";"city"
7;437;"Varga";"city"
7;438;"Vásárosbéc";"city"
7;439;"Vásárosdombó";"city"
7;440;"Vázsnok";"city"
7;441;"Vejti";"city"
7;442;"Vékény";"city"
7;443;"Velény";"city"
7;444;"Véménd";"city"
7;445;"Versend";"city"
7;446;"Villány";"city"
7;447;"Villánykövesd";"city"
7;448;"Vokány";"city"
7;449;"Zádorháza";"city"
7;450;"(Zádor)";"city"
7;451;"Zaláta";"city"
7;452;"Zengővárkony";"city"
7;453;"Zók";"city"
8;454;"Almáskamarás";"city"
8;455;"Battonya";"city"
8;456;"Békés";"city"
8;457;"Békéscsaba";"city"
8;458;"Békéssámson";"city"
8;459;"Békésszentandrás";"city"
8;460;"Bélmegyer";"city"
8;461;"Biharugra";"city"
8;462;"Bucsa";"city"
8;463;"Csabacsűd";"city"
8;464;"Csabaszabadi";"city"
8;465;"Csanádapáca";"city"
8;466;"Csárdaszállás";"city"
8;467;"Csorvás";"city"
8;468;"Dévaványa";"city"
8;469;"Doboz";"city"
8;470;"Dombegyház";"city"
8;471;"Dombiratos";"city"
8;472;"Ecsegfalva";"city"
8;473;"Elek";"city"
8;474;"Füzesgyarmat";"city"
8;475;"Gádoros";"city"
8;476;"Gerendás";"city"
8;477;"Geszt";"city"
8;478;"Gyomaendrőd";"city"
8;479;"Gyula";"city"
8;480;"Gyula-József";"city"
8;481;"Hunya";"city"
8;482;"Kamut";"city"
8;483;"Kardos";"city"
8;484;"Kardoskút";"city"
8;485;"Kaszaper";"city"
8;486;"Kertészsziget";"city"
8;487;"Kétegyháza";"city"
8;488;"Kétsoprony";"city"
8;489;"Kevermes";"city"
8;490;"Kisdombegyház";"city"
8;491;"Kondoros";"city"
8;492;"Körösladány";"city"
8;493;"Körösnagyharsány";"city"
8;494;"Köröstarcsa";"city"
8;495;"Körösújfalu";"city"
8;496;"Kötegyán";"city"
8;497;"Kunágota";"city"
8;498;"Lőkösháza";"city"
8;499;"Magyarbánhegyes";"city"
8;500;"Magyardombegyház";"city"
8;501;"Medgyesbodzás";"city"
8;502;"Medgyesbodzás-Gábortelep";"city"
8;503;"Medgyesegyháza";"city"
8;504;"Méhkerék";"city"
8;505;"Mezőberény";"city"
8;506;"Mezőgyán";"city"
8;507;"Mezőhegyes";"city"
8;508;"Mezőkovácsháza";"city"
8;509;"Murony";"city"
8;510;"Nagybánhegyes";"city"
8;511;"Nagykamarás";"city"
8;512;"Nagyszénás";"city"
8;513;"Okány";"city"
8;514;"Örménykút";"city"
8;515;"Orosháza";"city"
8;516;"Pusztaföldvár";"city"
8;517;"Pusztaottlaka";"city"
8;518;"Sarkad";"city"
8;519;"Sarkadkeresztúr";"city"
8;520;"Szabadkígyós";"city"
8;521;"Szarvas";"city"
8;522;"Szeghalom";"city"
8;523;"Tarhos";"city"
8;524;"Telekgerendás";"city"
8;525;"Tótkomlós";"city"
8;526;"Újkígyós";"city"
8;527;"Újszalonta";"city"
8;528;"Végegyháza";"city"
8;529;"Vésztő";"city"
8;530;"Zsadány";"city"
9;531;"Abaújalpár";"city"
9;532;"Abaújkér";"city"
9;533;"Abaújlak";"city"
9;534;"Abaújszántó";"city"
9;535;"Abaújszolnok";"city"
9;536;"Abaújvár";"city"
9;537;"Abod";"city"
9;538;"Aggtelek";"city"
9;539;"Alacska";"city"
9;540;"Alsóberecki";"city"
9;541;"Alsódobsza";"city"
9;542;"Alsógagy";"city"
9;543;"Alsóregmec";"city"
9;544;"Alsószuha";"city"
9;545;"Alsótelekes";"city"
9;546;"Alsóvadász";"city"
9;547;"Alsózsolca";"city"
9;548;"Arka";"city"
9;549;"Arló";"city"
9;550;"Arnót";"city"
9;551;"Ároktő";"city"
9;552;"Aszaló";"city"
9;553;"Baktakék";"city"
9;554;"Balajt";"city"
9;555;"Bánhorváti";"city"
9;556;"Bánréve";"city"
9;557;"Baskó";"city"
9;558;"Becskeháza";"city"
9;559;"Bekecs";"city"
9;560;"Berente";"city"
9;561;"Beret";"city"
9;562;"Berzék";"city"
9;563;"Bőcs";"city"
9;564;"Bodroghalom";"city"
9;565;"Bodrogkeresztúr";"city"
9;566;"Bodrogkisfalud";"city"
9;567;"Bodrogolaszi";"city"
9;568;"Bódvalenke";"city"
9;569;"Bódvarákó";"city"
9;570;"Bódvaszilas";"city"
9;571;"Bogács";"city"
9;572;"Boldogkőújfalu";"city"
9;573;"Boldogkőváralja";"city"
9;574;"Boldva";"city"
9;575;"Borsodbóta";"city"
9;576;"Borsodgeszt";"city"
9;577;"Borsodivánka";"city"
9;578;"Borsodnádasd";"city"
9;579;"Borsodszentgyörgy";"city"
9;580;"Borsodszirák";"city"
9;581;"Bózsva";"city"
9;582;"Bükkábrány";"city"
9;583;"Bükkaranyos";"city"
9;584;"Bükkmogyorósd";"city"
9;585;"Bükkszentkereszt";"city"
9;586;"Bükkzsérc";"city"
9;587;"Büttös";"city"
9;588;"Cigánd";"city"
9;589;"Csenyéte";"city"
9;590;"Cserépfalu";"city"
9;591;"Cserépváralja";"city"
9;592;"Csernely";"city"
9;593;"Csincse";"city"
9;594;"Csobád";"city"
9;595;"Csobaj";"city"
9;596;"Csokvaomány";"city"
9;597;"Damak";"city"
9;598;"Dámóc";"city"
9;599;"Debréte";"city"
9;600;"Dédestapolcsány";"city"
9;601;"Detek";"city"
9;602;"Domaháza";"city"
9;603;"Dövény";"city"
9;604;"Dubicsány";"city"
9;605;"Edelény";"city"
9;606;"Egerlövő";"city"
9;607;"Égerszög";"city"
9;608;"Emőd";"city"
9;609;"Encs";"city"
9;610;"Encs-Gibárt";"city"
9;611;"Erdőbénye";"city"
9;612;"Erdőhorváti";"city"
9;613;"Fáj";"city"
9;614;"Fancsal";"city"
9;615;"Felsőberecki";"city"
9;616;"Felsődobsza";"city"
9;617;"Felsőgagy";"city"
9;618;"Felsőkelecsény";"city"
9;619;"Felsőnyárád";"city"
9;620;"Felsőregmec";"city"
9;621;"Felsőtelekes";"city"
9;622;"Felsővadász";"city"
9;623;"Felsőzsolca";"city"
9;624;"Filkeháza";"city"
9;625;"Fony";"city"
9;626;"Forró";"city"
9;627;"Fulókércs";"city"
9;628;"Füzér";"city"
9;629;"Füzérkajata";"city"
9;630;"Füzérkomlós";"city"
9;631;"Füzérradvány";"city"
9;632;"Gadna";"city"
9;633;"Gagyapáti";"city"
9;634;"Gagybátor";"city"
9;635;"Gagyvendégi";"city"
9;636;"Galvács";"city"
9;637;"Garadna";"city"
9;638;"Gelej";"city"
9;639;"Gesztely";"city"
9;640;"Gesztely-Újharangod";"city"
9;641;"Girincs";"city"
9;642;"Golop";"city"
9;643;"Gömörszőlős";"city"
9;644;"Gönc";"city"
9;645;"Göncruszka";"city"
9;646;"Györgytarló";"city"
9;647;"Halmaj";"city"
9;648;"Hangács";"city"
9;649;"Hangony";"city"
9;650;"Háromhuta";"city"
9;651;"Harsány";"city"
9;652;"Hegymeg";"city"
9;653;"Hejce";"city"
9;654;"Hejőbába";"city"
9;655;"Hejőkeresztúr";"city"
9;656;"Hejőkürt";"city"
9;657;"Hejőpapi";"city"
9;658;"Hejőszalonta";"city"
9;659;"Hercegkút";"city"
9;660;"Hernádbűd";"city"
9;661;"Hernádcéce";"city"
9;662;"Hernádkak";"city"
9;663;"Hernádkércs";"city"
9;664;"Hernádnémeti";"city"
9;665;"Hernádpetri";"city"
9;666;"Hernádszentandrás";"city"
9;667;"Hernádszurdok";"city"
9;668;"Hernádvécse";"city"
9;669;"Hét";"city"
9;670;"Hidasnémeti";"city"
9;671;"Hidvégardó";"city"
9;672;"Hollóháza";"city"
9;673;"Homrogd";"city"
9;674;"Igrici";"city"
9;675;"Imola";"city"
9;676;"Ináncs";"city"
9;677;"Irota";"city"
9;678;"Izsófalva";"city"
9;679;"Jákfalva";"city"
9;680;"Járdánháza";"city"
9;681;"Jósvafő";"city"
9;682;"Kács";"city"
9;683;"Kánó";"city"
9;684;"Kány";"city"
9;685;"Karcsa";"city"
9;686;"Karos";"city"
9;687;"Kazincbarcika";"city"
9;688;"Kázsmárk";"city"
9;689;"Kéked";"city"
9;690;"Kelemér";"city"
9;691;"Kenézlő";"city"
9;692;"Keresztéte";"city"
9;693;"Kesznyéten";"city"
9;694;"Királd";"city"
9;695;"Kiscsécs";"city"
9;696;"Kisgyőr";"city"
9;697;"Kishuta";"city"
9;698;"Kiskinizs";"city"
9;699;"Kisrozvágy";"city"
9;700;"Kissikátor";"city"
9;701;"Kistokaj";"city"
9;702;"Komjáti";"city"
9;703;"Komlóska";"city"
9;704;"Kondó";"city"
9;705;"Korlát";"city"
9;706;"Köröm";"city"
9;707;"Kovácsvágás";"city"
9;708;"Krasznokvajda";"city"
9;709;"Kupa";"city"
9;710;"Kurityán";"city"
9;711;"Lácacséke";"city"
9;712;"Ládbesenyő";"city"
9;713;"Lak";"city"
9;714;"Legyesbénye";"city"
9;715;"Léh";"city"
9;716;"Lénárddaróc";"city"
9;717;"Litka";"city"
9;718;"Makkoshotyka";"city"
9;719;"Mályi";"city"
9;720;"Mályinka";"city"
9;721;"Martonyi";"city"
9;722;"Megyaszó";"city"
9;723;"Méra";"city"
9;724;"Meszes";"city"
9;725;"Mezőcsát";"city"
9;726;"Mezőkeresztes";"city"
9;727;"Mezőkövesd";"city"
9;728;"Mezőnagymihály";"city"
9;729;"Mezőnyárád";"city"
9;730;"Mezőzombor";"city"
9;731;"Mikóháza";"city"
9;732;"Miskolc";"city"
9;733;"Mogyoróska";"city"
9;734;"Monaj";"city"
9;735;"Monok";"city"
9;736;"Múcsony";"city"
9;737;"Muhi";"city"
9;738;"Nagybarca";"city"
9;739;"Nagycsécs";"city"
9;740;"Nagyhuta";"city"
9;741;"Nagykinizs";"city"
9;742;"Nagymad";"city"
9;743;"(Mad)";"city"
9;744;"Nagyrozvágy";"city"
9;745;"Négyes";"city"
9;746;"Nekézseny";"city"
9;747;"Nemesbikk";"city"
9;748;"Novajidrány";"city"
9;749;"Nyékládháza";"city"
9;750;"Nyésta";"city"
9;751;"Nyíri";"city"
9;752;"Nyomár";"city"
9;753;"Olaszliszka";"city"
9;754;"Onga";"city"
9;755;"Ónod";"city"
9;756;"Ormosbánya";"city"
9;757;"Oszlár";"city"
9;758;"Ózd";"city"
9;759;"Ózd-Center";"city"
9;760;"Ózd-Uraj";"city"
9;761;"Pácin";"city"
9;762;"Pálháza";"city"
9;763;"Pamlény";"city"
9;764;"Pányok";"city"
9;765;"Parasznya";"city"
9;766;"Pere";"city"
9;767;"Perecse";"city"
9;768;"Perkupa";"city"
9;769;"Prügy";"city"
9;770;"Pusztafalu";"city"
9;771;"Pusztaradvány";"city"
9;772;"Putnok";"city"
9;773;"Radostyán";"city"
9;774;"Ragály";"city"
9;775;"Rakaca";"city"
9;776;"Rakacaszend";"city"
9;777;"Rásonysápberencs";"city"
9;778;"Rátka";"city"
9;779;"Regéc";"city"
9;780;"Répáshuta";"city"
9;781;"Révleányvár";"city"
9;782;"Ricse";"city"
9;783;"Rudabánya";"city"
9;784;"Rudolftelep";"city"
9;785;"Sajóbábony";"city"
9;786;"Sajóecseg";"city"
9;787;"Sajógalgóc";"city"
9;788;"Sajóhidvég";"city"
9;789;"Sajóivánka";"city"
9;790;"Sajókápolna";"city"
9;791;"Sajókaza";"city"
9;792;"Sajókeresztúr";"city"
9;793;"Sajólád";"city"
9;794;"Sajólászlófalva";"city"
9;795;"Sajómercse";"city"
9;796;"Sajónémeti";"city"
9;797;"Sajóörös";"city"
9;798;"Sajópálfala";"city"
9;799;"Sajópetri";"city"
9;800;"Sajópüspöki";"city"
9;801;"Sajósenye";"city"
9;802;"Sajószentpéter";"city"
9;803;"Sajószöged";"city"
9;804;"Sajóvámos";"city"
9;805;"Sajóvelezd";"city"
9;806;"Sály";"city"
9;807;"Sárazsadány";"city"
9;808;"Sárospatak";"city"
9;809;"Sáta";"city"
9;810;"Sátoraljaújhely";"city"
9;811;"Sátoraljaújhely-Károlyfalva";"city"
9;812;"Sátoraljaújhely-Rudabányácska";"city"
9;813;"Sátoraljaújhely-Széphalom";"city"
9;814;"Selyeb";"city"
9;815;"Semjén";"city"
9;816;"Serényfalva";"city"
9;817;"Sima";"city"
9;818;"Sóstófalva";"city"
9;819;"Szakácsi";"city"
9;820;"Szakáld";"city"
9;821;"Szalaszend";"city"
9;822;"Szalonna";"city"
9;823;"Szászfa";"city"
9;824;"Szegi";"city"
9;825;"Szegilong";"city"
9;826;"Szemere";"city"
9;827;"Szendrő";"city"
9;828;"Szendrőlád";"city"
9;829;"Szentistván";"city"
9;830;"Szentistvánbaksa";"city"
9;831;"Szerencs";"city"
9;832;"Szikszó";"city"
9;833;"Szin";"city"
9;834;"Szinpetri";"city"
9;835;"Szirmabesenyő";"city"
9;836;"Szögliget";"city"
9;837;"Szőlősardó";"city"
9;838;"Szomolya";"city"
9;839;"Szuhafő";"city"
9;840;"Szuhakálló";"city"
9;841;"Szuhogy";"city"
9;842;"Taktabáj";"city"
9;843;"Taktaharkány";"city"
9;844;"Taktakenéz";"city"
9;845;"Taktaszada";"city"
9;846;"Tállya";"city"
9;847;"Tarcal";"city"
9;848;"Tard";"city"
9;849;"Tardona";"city"
9;850;"Telkibánya";"city"
9;851;"Teresztenye";"city"
9;852;"Tibolddaróc";"city"
9;853;"Tiszabábolna";"city"
9;854;"Tiszacsermely";"city"
9;855;"Tiszadorogma";"city"
9;856;"Tiszakarád";"city"
9;857;"Tiszakeszi";"city"
9;858;"Tiszaladány";"city"
9;859;"Tiszalúc";"city"
9;860;"Tiszapalkonya";"city"
9;861;"Tiszatardos";"city"
9;862;"Tiszatarján";"city"
9;863;"Tiszaújváros";"city"
9;864;"Tiszavalk";"city"
9;865;"Tokaj";"city"
9;866;"Tolcsva";"city"
9;867;"Tomor";"city"
9;868;"Tornabarakony";"city"
9;869;"Tornakápolna";"city"
9;870;"Tornanádaska";"city"
9;871;"Tornaszentandrás";"city"
9;872;"Tornaszentjakab";"city"
9;873;"Tornyosnémeti";"city"
9;874;"Trizs";"city"
9;875;"Újcsanálos";"city"
9;876;"Uppony";"city"
9;877;"Vadna";"city"
9;878;"Vágáshuta";"city"
9;879;"Vajdácska";"city"
9;880;"Vámosújfalu";"city"
9;881;"Varbó";"city"
9;882;"Varbóc";"city"
9;883;"Vatta";"city"
9;884;"Vilmány";"city"
9;885;"Vilyvitány";"city"
9;886;"Viss";"city"
9;887;"Viszló";"city"
9;888;"Vizsoly";"city"
9;889;"Zádorfalva";"city"
9;890;"Zalkod";"city"
9;891;"Zemplénagárd";"city"
9;892;"Ziliz";"city"
9;893;"Zsujta";"city"
9;894;"Zubogy";"city"
10;918;"Algyő";"city"
10;919;"Ambrózfalva";"city"
10;920;"Apátfalva";"city"
10;921;"Árpádhalom";"city"
10;922;"Ásotthalom";"city"
10;923;"Baks";"city"
10;924;"Balástya";"city"
10;925;"Bordány";"city"
10;926;"Csanádalberti";"city"
10;927;"Csanádpalota";"city"
10;928;"Csanytelek";"city"
10;929;"Csengele";"city"
10;930;"Csongrád";"city"
10;931;"Derekegyház";"city"
10;932;"Deszk";"city"
10;933;"Dóc";"city"
10;934;"Domaszék";"city"
10;935;"Eperjes";"city"
10;936;"Fábiánsebestyén";"city"
10;937;"Felgyő";"city"
10;938;"Ferencszállás";"city"
10;939;"Földeák";"city"
10;940;"Forráskút";"city"
10;941;"Hódmezővásárhely";"city"
10;942;"Hódmezővásárhely-Szikáncs";"city"
10;943;"Királyhegyes";"city"
10;944;"Kistelek";"city"
10;945;"Kiszombor";"city"
10;946;"Klárafalva";"city"
10;947;"Kövegy";"city"
10;948;"Kübekháza";"city"
10;949;"Magyarcsanád";"city"
10;950;"Makó";"city"
10;951;"Maroslele";"city"
10;952;"Mártély";"city"
10;953;"Mindszent";"city"
10;954;"Mórahalom";"city"
10;955;"Nagyér";"city"
10;956;"Nagylak";"city"
10;957;"Nagymágocs";"city"
10;958;"Nagytőke";"city"
10;959;"Óföldeák";"city"
10;960;"Ópusztaszer";"city"
10;961;"Öttömös";"city"
10;962;"Pitvaros";"city"
10;963;"Pusztamérges";"city"
10;964;"Pusztaszer";"city"
10;965;"Röszke";"city"
10;966;"Ruzsa";"city"
10;967;"Sándorfalva";"city"
10;968;"Szatymaz";"city"
10;969;"Szeged";"city"
10;970;"Szeged-Gyálarét";"city"
10;971;"Szegvár";"city"
10;972;"Székkutas";"city"
10;973;"Szentes";"city"
10;974;"Tiszasziget";"city"
10;975;"Tömörkény";"city"
10;976;"Újszentiván";"city"
10;977;"Üllés";"city"
10;978;"Zákányszék";"city"
10;979;"Zsombó";"city"
11;980;"Aba";"city"
11;981;"Adony";"city"
11;982;"Alap";"city"
11;983;"Alcsútdoboz";"city"
11;984;"Alsószentiván";"city"
11;985;"Bakonycsernye";"city"
11;986;"Bakonykúti";"city"
11;987;"Balinka";"city"
11;988;"Balinka-Eszény";"city"
11;989;"Baracs";"city"
11;990;"Baracska";"city"
11;991;"Beloiannisz";"city"
11;992;"Besnyő";"city"
11;993;"Bicske";"city"
11;994;"Bicske-Óbarok";"city"
11;995;"Bodajk";"city"
11;996;"Bodmér";"city"
11;997;"Cece";"city"
11;998;"Csabdi";"city"
11;999;"Csákberény";"city"
11;1000;"Csákvár";"city"
11;1001;"Csókakő";"city"
11;1002;"Csór";"city"
11;1003;"Csősz";"city"
11;1004;"Daruszentmiklós";"city"
11;1005;"Dég";"city"
11;1006;"Dunaújváros";"city"
11;1007;"Előszállás";"city"
11;1008;"Enying";"city"
11;1009;"Enying-Balatonbozsok";"city"
11;1010;"Ercsi";"city"
11;1011;"Etyek";"city"
11;1012;"Fehérvárcsurgó";"city"
11;1013;"Felcsút";"city"
11;1014;"Füle";"city"
11;1015;"Gánt";"city"
11;1016;"Gárdony";"city"
11;1017;"Gyúró";"city"
11;1018;"Hantos";"city"
11;1019;"Igar";"city"
11;1020;"Igar-Vámszőlőhegy";"city"
11;1021;"Iszkaszentgyörgy";"city"
11;1022;"Isztimér";"city"
11;1023;"Iváncsa";"city"
11;1024;"Jenő";"city"
11;1025;"Kajászó";"city"
11;1026;"Káloz";"city"
11;1027;"Kápolnásnyék";"city"
11;1028;"Kincsesbánya";"city"
11;1029;"Kisapostag";"city"
11;1030;"Kisláng";"city"
11;1031;"Kőszárhegy";"city"
11;1032;"Kulcs";"city"
11;1033;"Lajoskomárom";"city"
11;1034;"Lepsény";"city"
11;1035;"Lovasberény";"city"
11;1036;"Magyaralmás";"city"
11;1037;"Mány";"city"
11;1038;"Martonvásár";"city"
11;1039;"Mátyásdomb";"city"
11;1040;"Mezőfalva";"city"
11;1041;"Mezőkomárom";"city"
11;1042;"Mezőszentgyörgy";"city"
11;1043;"Mezőszilas";"city"
11;1044;"Moha";"city"
11;1045;"Mór";"city"
11;1046;"Nadap";"city"
11;1047;"Nádasdladány";"city"
11;1048;"Nagykarácsony";"city"
11;1049;"Nagylók";"city"
11;1050;"Nagyveleg";"city"
11;1051;"Nagyvenyim";"city"
11;1052;"Pákozd";"city"
11;1053;"Pátka";"city"
11;1054;"Pázmánd";"city"
11;1055;"Perkáta";"city"
11;1056;"Polgárdi";"city"
11;1057;"Polgárdi-Ipartelepek";"city"
11;1058;"Pusztaszabolcs";"city"
11;1059;"Pusztavám";"city"
11;1060;"Rácalmás";"city"
11;1061;"Ráckeresztúr";"city"
11;1062;"Sárbogárd";"city"
11;1063;"Sáregres";"city"
11;1064;"Sárkeresztes";"city"
11;1065;"Sárkeresztúr";"city"
11;1066;"Sárkeszi";"city"
11;1067;"Sárosd";"city"
11;1068;"Sárszentágota";"city"
11;1069;"Sárszentmihály";"city"
11;1070;"Seregélyes";"city"
11;1071;"Soponya";"city"
11;1072;"Söréd";"city"
11;1073;"Sukoró";"city"
11;1074;"Szabadbattyán";"city"
11;1075;"Szabadegyháza";"city"
11;1076;"Szabadhidvég";"city"
11;1077;"Szár";"city"
11;1078;"Szárliget";"city"
11;1079;"Székesfehérvár";"city"
11;1080;"Székesfehérvár-Börgönd";"city"
11;1081;"Tabajd";"city"
11;1082;"Tác";"city"
11;1083;"Tordas";"city"
11;1084;"Újbarok";"city"
11;1085;"Úrhida";"city"
11;1086;"Vajta";"city"
11;1087;"Vál";"city"
11;1088;"Velence";"city"
11;1089;"Vereb";"city"
11;1090;"Vértesacsa";"city"
11;1091;"Vértesboglár";"city"
11;1092;"Zámoly";"city"
11;1093;"Zichyújfalu";"city"
12;1094;"Abda";"city"
12;1095;"Acsalag";"city"
12;1096;"Ágfalva";"city"
12;1097;"Agyagosszergény";"city"
12;1098;"Árpás";"city"
12;1099;"Ásványráró";"city"
12;1100;"Babót";"city"
12;1101;"Bágyogszovát";"city"
12;1102;"Barbacs";"city"
12;1103;"Beled";"city"
12;1104;"Bezenye";"city"
12;1105;"Bezi";"city"
12;1106;"Bodonhely";"city"
12;1107;"Bogyoszló";"city"
12;1108;"Bőny";"city"
12;1109;"Börcs";"city"
12;1110;"Bősárkány";"city"
12;1111;"Cakóháza";"city"
12;1112;"Cirák";"city"
12;1113;"Csáfordjánosfa";"city"
12;1114;"Csapod";"city"
12;1115;"Csér";"city"
12;1116;"Csikvánd";"city"
12;1117;"Csorna";"city"
12;1118;"Darnózseli";"city"
12;1119;"Dénesfa";"city"
12;1120;"Dör";"city"
12;1121;"Dunakiliti";"city"
12;1122;"Dunaremete";"city"
12;1123;"Dunaszeg";"city"
12;1124;"Dunaszentpál";"city"
12;1125;"Dunasziget";"city"
12;1126;"Ebergőc";"city"
12;1127;"Écs";"city"
12;1128;"Edve";"city"
12;1129;"Egyed";"city"
12;1130;"Egyházasfalu";"city"
12;1131;"Enese";"city"
12;1132;"Farád";"city"
12;1133;"Fehértó";"city"
12;1134;"Feketeerdő";"city"
12;1135;"Felpéc";"city"
12;1136;"Fertőboz";"city"
12;1137;"Fertőd";"city"
12;1138;"Fertőd-Tőzeggyármajor";"city"
12;1139;"Fertőendréd";"city"
12;1140;"Fertőhomok";"city"
12;1141;"Fertőrákos";"city"
12;1142;"Fertőszentmiklós";"city"
12;1143;"Fertőszéplak";"city"
12;1144;"Gönyű";"city"
12;1145;"Gyalóka";"city"
12;1146;"Gyarmat";"city"
12;1147;"Gyömöre";"city"
12;1148;"Győr";"city"
12;1149;"Győr-Gyirmót";"city"
12;1150;"Győrasszonyfa";"city"
12;1151;"Győrladamér";"city"
12;1152;"Gyóró";"city"
12;1153;"Győrság";"city"
12;1154;"Győrsövényház";"city"
12;1155;"Győrszemere";"city"
12;1156;"Győrújbarát";"city"
12;1157;"Győrújfalu";"city"
12;1158;"Győrzámoly";"city"
12;1159;"Halászi";"city"
12;1160;"Harka";"city"
12;1161;"Hédervár";"city"
12;1162;"Hegyeshalom";"city"
12;1163;"Hegykő";"city"
12;1164;"Hidegség";"city"
12;1165;"Himod";"city"
12;1166;"Hövej";"city"
12;1167;"Ikrény";"city"
12;1168;"Iván";"city"
12;1169;"Jánossomorja";"city"
12;1170;"Jobaháza";"city"
12;1171;"Kajárpéc";"city"
12;1172;"Kapuvár";"city"
12;1173;"Kapuvár-Öntésmajor";"city"
12;1174;"Károlyháza";"city"
12;1175;"Kimle";"city"
12;1176;"Kisbabot";"city"
12;1177;"Kisbajcs";"city"
12;1178;"Kisbodak";"city"
12;1179;"Kisfalud";"city"
12;1180;"Kóny";"city"
12;1181;"Kópháza";"city"
12;1182;"Koroncó";"city"
12;1183;"Kunsziget";"city"
12;1184;"Lébény";"city"
12;1185;"Levél";"city"
12;1186;"Lipót";"city"
12;1187;"Lövő";"city"
12;1188;"Maglóca";"city"
12;1189;"Magyarkeresztúr";"city"
12;1190;"Máriakálnok";"city"
12;1191;"Markotabödöge";"city"
12;1192;"Mecsér";"city"
12;1193;"Mérges";"city"
12;1194;"Mezőörs";"city"
12;1195;"Mezőörs-Mindszentpuszta";"city"
12;1196;"Mihályi";"city"
12;1197;"Mórichida";"city"
12;1198;"Mosonmagyaróvár";"city"
12;1199;"Mosonszentmiklós";"city"
12;1200;"Mosonszentmiklós-Mosonújhely";"city"
12;1201;"Mosonszolnok";"city"
12;1202;"Nagybajcs";"city"
12;1203;"Nagycenk";"city"
12;1204;"Nagylózs";"city"
12;1205;"Nagyszentjános";"city"
12;1206;"Nemeskér";"city"
12;1207;"Nyalka";"city"
12;1208;"Nyúl";"city"
12;1209;"Osli";"city"
12;1210;"Öttevény";"city"
12;1211;"Páli";"city"
12;1212;"Pannonhalma";"city"
12;1213;"Pásztori";"city"
12;1214;"Pázmándfalu";"city"
12;1215;"Pér";"city"
12;1216;"Pereszteg";"city"
12;1217;"Petőháza";"city"
12;1218;"Pinnye";"city"
12;1219;"Potyond";"city"
12;1220;"Püski";"city"
12;1221;"Pusztacsalád";"city"
12;1222;"Rábacsanak";"city"
12;1223;"Rábacsécsény";"city"
12;1224;"Rábakecöl";"city"
12;1225;"Rábapatona";"city"
12;1226;"Rábapordány";"city"
12;1227;"Rábasebes";"city"
12;1228;"Rábaszentandrás";"city"
12;1229;"Rábaszentmihály";"city"
12;1230;"Rábaszentmiklós";"city"
12;1231;"Rábatamási";"city"
12;1232;"Rábcakapi";"city"
12;1233;"Rajka";"city"
12;1234;"Ravazd";"city"
12;1235;"Répceszemere";"city"
12;1236;"Répcevis";"city"
12;1237;"Rétalap";"city"
12;1238;"Röjtökmuzsaj";"city"
12;1239;"Sarród";"city"
12;1240;"Sarród-Fertőújlak";"city"
12;1241;"Sobor";"city"
12;1242;"Sokorópátka";"city"
12;1243;"Sopron";"city"
12;1244;"Sopron-Balf";"city"
12;1245;"Sopronhorpács";"city"
12;1246;"Sopronkövesd";"city"
12;1247;"Sopronnémeti";"city"
12;1248;"Szakony";"city"
12;1249;"Szany";"city"
12;1250;"Szárföld";"city"
12;1251;"Szerecseny";"city"
12;1252;"Szil";"city"
12;1253;"Szilsárkány";"city"
12;1254;"Táp";"city"
12;1255;"Tápszentmiklós";"city"
12;1256;"Tarjánpuszta";"city"
12;1257;"Tárnokréti";"city"
12;1258;"Tényő";"city"
12;1259;"Tét";"city"
12;1260;"Töltéstava";"city"
12;1261;"Újkér";"city"
12;1262;"Újrónafő";"city"
12;1263;"Und";"city"
12;1264;"Vadosfa";"city"
12;1265;"Vág";"city"
12;1266;"Vámosszabadi";"city"
12;1267;"Várbalog";"city"
12;1268;"Vásárosfalu";"city"
12;1269;"Vének";"city"
12;1270;"Veszkény";"city"
12;1271;"Vitnyéd";"city"
12;1272;"Völcsej";"city"
12;1273;"Zsebeháza";"city"
12;1274;"Zsira";"city"
13;1275;"Álmosd";"city"
13;1276;"Ártánd";"city"
13;1277;"Bagamér";"city"
13;1278;"Bakonszeg";"city"
13;1279;"Balmazújváros";"city"
13;1280;"Báránd";"city"
13;1281;"Bedő";"city"
13;1282;"Berekböszörmény";"city"
13;1283;"Berettyóújfalu";"city"
13;1284;"Berettyóújfalu-Berettyószentmárton";"city"
13;1285;"Bihardancsháza";"city"
13;1286;"Biharkeresztes";"city"
13;1287;"Biharnagybajom";"city"
13;1288;"Bihartorda";"city"
13;1289;"Bocskaikert";"city"
13;1290;"Bojt";"city"
13;1291;"Csökmő";"city"
13;1292;"Darvas";"city"
13;1293;"Debrecen";"city"
13;1294;"Debrecen-Bánk";"city"
13;1295;"Debrecen-Haláp";"city"
13;1296;"Debrecen-Nagymacs";"city"
13;1297;"Derecske";"city"
13;1298;"Ebes";"city"
13;1299;"Egyek";"city"
13;1300;"Egyek-Telekháza";"city"
13;1301;"Esztár";"city"
13;1302;"Földes";"city"
13;1303;"Folyás";"city"
13;1304;"Fülöp";"city"
13;1305;"Furta";"city"
13;1306;"Gáborján";"city"
13;1307;"Görbeháza";"city"
13;1308;"Hajdúbagos";"city"
13;1309;"Hajdúböszörmény";"city"
13;1310;"Hajdúböszörmény-Bodaszőlő";"city"
13;1311;"Hajdúböszörmény-Hajdúvid";"city"
13;1312;"Hajdúböszörmény-Nagypród";"city"
13;1313;"Hajdúdorog";"city"
13;1314;"Hajdúhadház";"city"
13;1315;"Hajdúnánás";"city"
13;1316;"Hajdúnánás-Tedej";"city"
13;1317;"Hajdúsámson";"city"
13;1318;"Hajdúszoboszló";"city"
13;1319;"Hajdúszovát";"city"
13;1320;"Hencida";"city"
13;1321;"Hortobágy";"city"
13;1322;"Hosszúpályi";"city"
13;1323;"Kaba";"city"
13;1324;"Kismarja";"city"
13;1325;"Kokad";"city"
13;1326;"Komádi";"city"
13;1327;"Konyár";"city"
13;1328;"Körösszakál";"city"
13;1329;"Körösszegapáti";"city"
13;1330;"Létavértes";"city"
13;1331;"Magyarhomorog";"city"
13;1332;"Mezőpeterd";"city"
13;1333;"Mezősas";"city"
13;1334;"Mikepércs";"city"
13;1335;"Monostorpályi";"city"
13;1336;"Nádudvar";"city"
13;1337;"Nagyhegyes";"city"
13;1338;"Nagykereki";"city"
13;1339;"Nagyrábé";"city"
13;1340;"Nyírábrány";"city"
13;1341;"Nyíracsád";"city"
13;1342;"Nyíradony";"city"
13;1343;"Nyíradony-Aradványpuszta";"city"
13;1344;"Nyíradony-Tamásipuszta";"city"
13;1345;"Nyírmártonfalva";"city"
13;1346;"Pocsaj";"city"
13;1347;"Polgár";"city"
13;1348;"Püspökladány";"city"
13;1349;"Sáp";"city"
13;1350;"Sáránd";"city"
13;1351;"Sárrétudvari";"city"
13;1352;"Szentpéterszeg";"city"
13;1353;"Szerep";"city"
13;1354;"Szerep-Hosszúhát";"city"
13;1355;"Téglás";"city"
13;1356;"Tépe";"city"
13;1357;"Tetétlen";"city"
13;1358;"Tiszacsege";"city"
13;1359;"Tiszagyulaháza";"city"
13;1360;"Told";"city"
13;1361;"Újiráz";"city"
13;1362;"Újléta";"city"
13;1363;"Újszentmargita";"city"
13;1364;"Újtikos";"city"
13;1365;"Vámospércs";"city"
13;1366;"Váncsod";"city"
13;1367;"Vekerd";"city"
13;1368;"Zsáka";"city"
14;1369;"Abasár";"city"
14;1370;"Adács";"city"
14;1371;"Aldebrő";"city"
14;1372;"Andornaktálya";"city"
14;1373;"Apc";"city"
14;1374;"Átány";"city"
14;1375;"Atkár";"city"
14;1376;"Balaton";"city"
14;1377;"Bátor";"city"
14;1378;"Bekölce";"city"
14;1379;"Bélapátfalva";"city"
14;1380;"Besenyőtelek";"city"
14;1381;"Boconád";"city"
14;1382;"Bodony";"city"
14;1383;"Boldog";"city"
14;1384;"Bükkszék";"city"
14;1385;"Bükkszenterzsébet";"city"
14;1386;"Bükkszentmárton";"city"
14;1387;"Csány";"city"
14;1388;"Demjén";"city"
14;1389;"Detk";"city"
14;1390;"Domoszló";"city"
14;1391;"Dormánd";"city"
14;1392;"Ecséd";"city"
14;1393;"Eger";"city"
14;1394;"Eger-Felnémet";"city"
14;1395;"Egerbakta";"city"
14;1396;"Egerbocs";"city"
14;1397;"Egercsehi";"city"
14;1398;"Egerfarmos";"city"
14;1399;"Egerszalók";"city"
14;1400;"Egerszólát";"city"
14;1401;"Erdőkövesd";"city"
14;1402;"Erdőtelek";"city"
14;1403;"Erk";"city"
14;1404;"Fedémes";"city"
14;1405;"Feldebrő";"city"
14;1406;"Felsőtárkány";"city"
14;1407;"Füzesabony";"city"
14;1408;"Gyöngyös";"city"
14;1409;"Gyöngyös-Kékestető";"city"
14;1410;"Gyöngyös-Mátrafüred";"city"
14;1411;"Gyöngyös-Mátraháza";"city"
14;1412;"Gyöngyöshalász";"city"
14;1413;"Gyöngyösoroszi";"city"
14;1414;"Gyöngyöspata";"city"
14;1415;"Gyöngyössolymos";"city"
14;1416;"Gyöngyöstarján";"city"
14;1417;"Halmajugra";"city"
14;1418;"Hatvan";"city"
14;1419;"Hatvan-Kerekharaszt";"city"
14;1420;"Heréd";"city"
14;1421;"Heves";"city"
14;1422;"Hevesaranyos";"city"
14;1423;"Hevesvezekény";"city"
14;1424;"Hort";"city"
14;1425;"Istenmezeje";"city"
14;1426;"Ivád";"city"
14;1427;"Kál";"city"
14;1428;"Kápolna";"city"
14;1429;"Karácsond";"city"
14;1430;"Kerecsend";"city"
14;1431;"Kisfüzes";"city"
14;1432;"Kisköre";"city"
14;1433;"Kisnána";"city"
14;1434;"Kömlő";"city"
14;1435;"Kompolt";"city"
14;1436;"Lőrinci";"city"
14;1437;"Ludas";"city"
14;1438;"Maklár";"city"
14;1439;"Markaz";"city"
14;1440;"Mátraballa";"city"
14;1441;"Mátraderecske";"city"
14;1442;"Mátraszentimre";"city"
14;1443;"Mátraszentimre-Galyatető";"city"
14;1444;"Mezőszemere";"city"
14;1445;"Mezőtárkány";"city"
14;1446;"Mikófalva";"city"
14;1447;"Mónosbél";"city"
14;1448;"Nagyfüged";"city"
14;1449;"Nagykökényes";"city"
14;1450;"Nagyréde";"city"
14;1451;"Nagytálya";"city"
14;1452;"Nagyút";"city"
14;1453;"Nagyvisnyó";"city"
14;1454;"Noszvaj";"city"
14;1455;"Novaj";"city"
14;1456;"Ostoros";"city"
14;1457;"Parád";"city"
14;1458;"Parád-Parádfürdő";"city"
14;1459;"Parádsasvár";"city"
14;1460;"Pély";"city"
14;1461;"Pétervására";"city"
14;1462;"Petőfibánya";"city"
14;1463;"Poroszló";"city"
14;1464;"Recsk";"city"
14;1465;"Rózsaszentmárton";"city"
14;1466;"Sarud";"city"
14;1467;"Sirok";"city"
14;1468;"Szajla";"city"
14;1469;"Szarvaskő";"city"
14;1470;"Szentdomonkos";"city"
14;1471;"Szihalom";"city"
14;1472;"Szilvásvárad";"city"
14;1473;"Szúcs";"city"
14;1474;"Szűcsi";"city"
14;1475;"Tarnabod";"city"
14;1476;"Tarnalelesz";"city"
14;1477;"Tarnaméra";"city"
14;1478;"Tarnaörs";"city"
14;1479;"Tarnaszentmária";"city"
14;1480;"Tarnaszentmiklós";"city"
14;1481;"Tarnazsadány";"city"
14;1482;"Tenk";"city"
14;1483;"Terpes";"city"
14;1484;"Tiszanána";"city"
14;1485;"Tófalu";"city"
14;1486;"Újlőrincfalva";"city"
14;1487;"Vámosgyörk";"city"
14;1488;"Váraszó";"city"
14;1489;"Vécs";"city"
14;1490;"Verpelét";"city"
14;1491;"Visonta";"city"
14;1492;"Visznek";"city"
14;1493;"Zagyvaszántó";"city"
14;1494;"Zaránk";"city"
15;1495;"Abádszalók";"city"
15;1496;"Alattyán";"city"
15;1497;"Berekfürdő";"city"
15;1498;"Besenyszög";"city"
15;1499;"Cibakháza";"city"
15;1500;"Csataszög";"city"
15;1501;"Csépa";"city"
15;1502;"Cserkeszőlő";"city"
15;1503;"Fegyvernek";"city"
15;1504;"Fegyvernek-Szapárfalu";"city"
15;1505;"Hunyadfalva";"city"
15;1506;"Jánoshida";"city"
15;1507;"Jászágó";"city"
15;1508;"Jászalsószentgyörgy";"city"
15;1509;"Jászapáti";"city"
15;1510;"Jászárokszállás";"city"
15;1511;"Jászberény";"city"
15;1512;"Jászberény-Portelek";"city"
15;1513;"Jászboldogháza";"city"
15;1514;"Jászdózsa";"city"
15;1515;"Jászfelsőszentgyörgy";"city"
15;1516;"Jászfényszaru";"city"
15;1517;"Jászivány";"city"
15;1518;"Jászjákóhalma";"city"
15;1519;"Jászkisér";"city"
15;1520;"Jászladány";"city"
15;1521;"Jászszentandrás";"city"
15;1522;"Jásztelek";"city"
15;1523;"Karcag";"city"
15;1524;"Kenderes";"city"
15;1525;"Kenderes-Bánhalma";"city"
15;1526;"Kengyel";"city"
15;1527;"Kétpó";"city"
15;1528;"Kisújszállás";"city"
15;1529;"Kőtelek";"city"
15;1530;"Kuncsorba";"city"
15;1531;"Kunhegyes";"city"
15;1532;"Kunmadaras";"city"
15;1533;"Kunszentmárton";"city"
15;1534;"Kunszentmárton-Kungyalu";"city"
15;1535;"Martfű";"city"
15;1536;"Mesterszállás";"city"
15;1537;"Mezőhék";"city"
15;1538;"Mezőtúr";"city"
15;1539;"Nagyiván";"city"
15;1540;"Nagykörű";"city"
15;1541;"Nagyrév";"city"
15;1542;"Öcsöd";"city"
15;1543;"Örményes";"city"
15;1544;"Pusztamonostor";"city"
15;1545;"Rákóczifalva";"city"
15;1546;"Rákócziújfalu";"city"
15;1547;"Szajol";"city"
15;1548;"Szászberek";"city"
15;1549;"Szelevény";"city"
15;1550;"Szolnok";"city"
15;1551;"Tiszabő";"city"
15;1552;"Tiszabura";"city"
15;1553;"Tiszaderzs";"city"
15;1554;"Tiszaföldvár";"city"
15;1555;"Tiszaföldvár-Homok";"city"
15;1556;"Tiszafüred";"city"
15;1557;"Tiszafüred-Kócsújfalu";"city"
15;1558;"Tiszafüred-Tiszaörvény";"city"
15;1559;"Tiszagyenda";"city"
15;1560;"Tiszaigar";"city"
15;1561;"Tiszainoka";"city"
15;1562;"Tiszajenő";"city"
15;1563;"Tiszakürt";"city"
15;1564;"Tiszaörs";"city"
15;1565;"Tiszapüspöki";"city"
15;1566;"Tiszaroff";"city"
15;1567;"Tiszasas";"city"
15;1568;"Tiszasüly";"city"
15;1569;"Tiszaszentimre";"city"
15;1570;"Tiszaszentimre-Újszentgyörgy";"city"
15;1571;"Tiszaszőlős";"city"
15;1572;"Tiszatenyő";"city"
15;1573;"Tiszaug";"city"
15;1574;"Tiszavárkony";"city"
15;1575;"Tiszavárkony-Tiszavárkonyi";"city"
15;1576;"Tomajmonostora";"city"
15;1577;"Törökszentmiklós";"city"
15;1578;"Törökszentmiklós-Surjány";"city"
15;1579;"Tószeg";"city"
15;1580;"Túrkeve";"city"
15;1581;"Újszász";"city"
15;1582;"Vezseny";"city"
15;1583;"Zagyvarékas";"city"
16;1584;"Ács";"city"
16;1585;"Ácsteszér";"city"
16;1586;"Aka";"city"
16;1587;"Almásfüzitő";"city"
16;1588;"Annavölgy";"city"
16;1589;"Ászár";"city"
16;1590;"Bábolna";"city"
16;1591;"Baj";"city"
16;1592;"Bajna";"city"
16;1593;"Bajót";"city"
16;1594;"Bakonybánk";"city"
16;1595;"Bakonysárkány";"city"
16;1596;"Bakonyszombathely";"city"
16;1597;"Bana";"city"
16;1598;"Bársonyos";"city"
16;1599;"Bokod";"city"
16;1600;"Császár";"city"
16;1601;"Csatka";"city"
16;1602;"Csém";"city"
16;1603;"Csép";"city"
16;1604;"Csolnok";"city"
16;1605;"Dad";"city"
16;1606;"Dág";"city"
16;1607;"Dömös";"city"
16;1608;"Dorog";"city"
16;1609;"Dunaalmás";"city"
16;1610;"Dunaszentmiklós";"city"
16;1611;"Epöl";"city"
16;1612;"Esztergom";"city"
16;1613;"Ete";"city"
16;1614;"Gyermely";"city"
16;1615;"Héreg";"city"
16;1616;"Kecskéd";"city"
16;1617;"Kerékteleki";"city"
16;1618;"Kesztölc";"city"
16;1619;"Kisbér";"city"
16;1620;"Kisbér-Hánta";"city"
16;1621;"Kisigmánd";"city"
16;1622;"Kocs";"city"
16;1623;"Komárom";"city"
16;1624;"Kömlőd";"city"
16;1625;"Környe";"city"
16;1626;"Lábatlan";"city"
16;1627;"Leányvár";"city"
16;1628;"Máriahalom";"city"
16;1629;"Mocsa";"city"
16;1630;"Mogyorósbánya";"city"
16;1631;"Nagyigmánd";"city"
16;1632;"Nagysáp";"city"
16;1633;"Naszály";"city"
16;1634;"Neszmély";"city"
16;1635;"Nyergesújfalu";"city"
16;1636;"Oroszlány";"city"
16;1637;"Piliscsév";"city"
16;1638;"Pilismarót";"city"
16;1639;"Réde";"city"
16;1640;"Sárisáp";"city"
16;1641;"Súr";"city"
16;1642;"Süttő";"city"
16;1643;"Szákszend";"city"
16;1644;"Szomód";"city"
16;1645;"Szomor";"city"
16;1646;"Tardos";"city"
16;1647;"Tarján";"city"
16;1648;"Tárkány";"city"
16;1649;"Tát";"city"
16;1650;"Tata";"city"
16;1651;"Tata-Agostyán";"city"
16;1652;"Tatabánya";"city"
16;1653;"Tokod";"city"
16;1654;"Tokodaltáró";"city"
16;1655;"Úny";"city"
16;1656;"Várgesztes";"city"
16;1657;"Vérteskethely";"city"
16;1658;"Vértessomló";"city"
16;1659;"Vértesszőlős";"city"
16;1660;"Vértestolna";"city"
17;1661;"Alsótold";"city"
17;1662;"Balassagyarmat";"city"
17;1663;"Bánk";"city"
17;1664;"Bárna";"city"
17;1665;"Bátonyterenye";"city"
17;1666;"Becske";"city"
17;1667;"Bér";"city"
17;1668;"Bercel";"city"
17;1669;"Berkenye";"city"
17;1670;"Bokor";"city"
17;1671;"Borsosberény";"city"
17;1672;"Buják";"city"
17;1673;"Cered";"city"
17;1674;"Csécse";"city"
17;1675;"Cserháthaláp";"city"
17;1676;"Cserhátsurány";"city"
17;1677;"Cserhátszentiván";"city"
17;1678;"Csesztve";"city"
17;1679;"Csitár";"city"
17;1680;"Debercsény";"city"
17;1681;"Dejtár";"city"
17;1682;"Diósjenő";"city"
17;1683;"Dorogháza";"city"
17;1684;"Drégelypalánk";"city"
17;1685;"Ecseg";"city"
17;1686;"Egyházasdengeleg";"city"
17;1687;"Egyházasgerge";"city"
17;1688;"Endrefalva";"city"
17;1689;"Erdőkürt";"city"
17;1690;"Erdőtarcsa";"city"
17;1691;"Érsekvadkert";"city"
17;1692;"Etes";"city"
17;1693;"Felsőpetény";"city"
17;1694;"Felsőtold";"city"
17;1695;"Galgaguta";"city"
17;1696;"Garáb";"city"
17;1697;"Héhalom";"city"
17;1698;"Herencsény";"city"
17;1699;"Hollókő";"city"
17;1700;"Hont";"city"
17;1701;"Horpács";"city"
17;1702;"Hugyag";"city"
17;1703;"Iliny";"city"
17;1704;"Ipolytarnóc";"city"
17;1705;"Ipolyvece";"city"
17;1706;"Jobbágyi";"city"
17;1707;"Kálló";"city"
17;1708;"Karancsalja";"city"
17;1709;"Karancsberény";"city"
17;1710;"Karancskeszi";"city"
17;1711;"Karancslapujtő";"city"
17;1712;"Karancsság";"city"
17;1713;"Kazár";"city"
17;1714;"Kazár-Mizserfa";"city"
17;1715;"Keszeg";"city"
17;1716;"Kétbodony";"city"
17;1717;"Kisbágyon";"city"
17;1718;"Kisbárkány";"city"
17;1719;"Kisecset";"city"
17;1720;"Kishartyán";"city"
17;1721;"Kozárd";"city"
17;1722;"Kutasó";"city"
17;1723;"Legénd";"city"
17;1724;"Litke";"city"
17;1725;"Lucfalva";"city"
17;1726;"Ludányhalászi";"city"
17;1727;"Magyargéc";"city"
17;1728;"Magyarnándor";"city"
17;1729;"Márkháza";"city"
17;1730;"Mátramindszent";"city"
17;1731;"Mátranovák";"city"
17;1732;"Mátraszele";"city"
17;1733;"Mátraszőlős";"city"
17;1734;"Mátraterenye";"city"
17;1735;"Mátraverebély";"city"
17;1736;"Mihálygerge";"city"
17;1737;"Mohora";"city"
17;1738;"Nagybárkány";"city"
17;1739;"Nagylóc";"city"
17;1740;"Nagyoroszi";"city"
17;1741;"Nemti";"city"
17;1742;"Nézsa";"city"
17;1743;"Nógrád";"city"
17;1744;"Nógrádkövesd";"city"
17;1745;"Nógrádmarcal";"city"
17;1746;"Nógrádmegyer";"city"
17;1747;"Nógrádsáp";"city"
17;1748;"Nógrádsipek";"city"
17;1749;"Nógrádszakál";"city"
17;1750;"Nőtincs";"city"
17;1751;"Őrhalom";"city"
17;1752;"Ősagárd";"city"
17;1753;"Palotás";"city"
17;1754;"Pásztó";"city"
17;1755;"Patak";"city"
17;1756;"Patvarc";"city"
17;1757;"Piliny";"city"
17;1758;"Pusztaberki";"city"
17;1759;"Rákóczibánya";"city"
17;1760;"Rétság";"city"
17;1761;"Rimóc";"city"
17;1762;"Romhány";"city"
17;1763;"Ságújfalu";"city"
17;1764;"Salgótarján";"city"
17;1765;"Sámsonháza";"city"
17;1766;"Sóshartyán";"city"
17;1767;"Szalmatercs";"city"
17;1768;"Szanda";"city"
17;1769;"Szarvasgede";"city"
17;1770;"Szátok";"city"
17;1771;"Szécsénke";"city"
17;1772;"Szécsény";"city"
17;1773;"Szécsényfelfalu";"city"
17;1774;"Szendehely";"city"
17;1775;"Szente";"city"
17;1776;"Szilaspogony";"city"
17;1777;"Szirák";"city"
17;1778;"Szügy";"city"
17;1779;"Szuha";"city"
17;1780;"Szurdokpüspöki";"city"
17;1781;"Tar";"city"
17;1782;"Terény";"city"
17;1783;"Tereske";"city"
17;1784;"Tolmács";"city"
17;1785;"Vanyarc";"city"
17;1786;"Varsány";"city"
17;1787;"Vizslás";"city"
17;1788;"Zabar";"city"
18;1789;"Abony";"city"
18;1790;"Acsa";"city"
18;1791;"Albertirsa";"city"
18;1792;"Alsónémedi";"city"
18;1793;"Apaj";"city"
18;1794;"Áporka";"city"
18;1795;"Aszód";"city"
18;1796;"Bag";"city"
18;1797;"Bénye";"city"
18;1798;"Bernecebaráti";"city"
18;1799;"Biatorbágy";"city"
18;1800;"Budajenő";"city"
18;1801;"Budakalász";"city"
18;1802;"Budakeszi";"city"
18;1803;"Budaörs";"city"
18;1804;"Bugyi";"city"
18;1805;"Cegléd";"city"
18;1806;"Ceglédbercel";"city"
18;1807;"Csemő";"city"
18;1808;"Csévharaszt";"city"
18;1809;"Csobánka";"city"
18;1810;"Csomád";"city"
18;1811;"Csömör";"city"
18;1812;"Csörög";"city"
18;1813;"Csővár";"city"
18;1814;"Dabas";"city"
18;1815;"Dánszentmiklós";"city"
18;1816;"Dány";"city"
18;1817;"Délegyháza";"city"
18;1818;"Diósd";"city"
18;1819;"Dobogókő";"city"
18;1820;"Domony";"city"
18;1821;"Dömsöd";"city"
18;1822;"Dunabogdány";"city"
18;1823;"Dunaharaszti";"city"
18;1824;"Dunakeszi";"city"
18;1825;"Dunavarsány";"city"
18;1826;"Ecser";"city"
18;1827;"Érd";"city"
18;1828;"Érdliget";"city"
18;1829;"Erdőkertes";"city"
18;1830;"Érdparkváros";"city"
18;1831;"Farmos";"city"
18;1832;"Felsőpakony";"city"
18;1833;"Fót";"city"
18;1834;"Galgagyörk";"city"
18;1835;"Galgahévíz";"city"
18;1836;"Galgamácsa";"city"
18;1837;"Göd";"city"
18;1838;"Gödöllő";"city"
18;1839;"Gomba";"city"
18;1840;"Gyál";"city"
18;1841;"Gyömrő";"city"
18;1842;"Halásztelek";"city"
18;1843;"Herceghalom";"city"
18;1844;"Hernád";"city"
18;1845;"Hévízgyörk";"city"
18;1846;"Iklad";"city"
18;1847;"Inárcs";"city"
18;1848;"Ipolydamásd";"city"
18;1849;"Ipolytölgyes";"city"
18;1850;"Isaszeg";"city"
18;1851;"Jászkarajenő";"city"
18;1852;"Kakucs";"city"
18;1853;"Kartal";"city"
18;1854;"Káva";"city"
18;1855;"Kemence";"city"
18;1856;"Kerepes";"city"
18;1857;"Kiskunlacháza";"city"
18;1858;"Kismaros";"city"
18;1859;"Kisnémedi";"city"
18;1860;"Kisoroszi";"city"
18;1861;"Kistarcsa";"city"
18;1862;"Kocsér";"city"
18;1863;"Kóka";"city"
18;1864;"Kőröstetétlen";"city"
18;1865;"Kosd";"city"
18;1866;"Kóspallag";"city"
18;1867;"Leányfalu";"city"
18;1868;"Letkés";"city"
18;1869;"Lórév";"city"
18;1870;"Maglód";"city"
18;1871;"Majosháza";"city"
18;1872;"Makád";"city"
18;1873;"Márianosztra";"city"
18;1874;"Mende";"city"
18;1875;"Mikebuda";"city"
18;1876;"Mogyoród";"city"
18;1877;"Monor";"city"
18;1878;"Monor-Monori";"city"
18;1879;"Nagybörzsöny";"city"
18;1880;"Nagykáta";"city"
18;1881;"Nagykőrös";"city"
18;1882;"Nagykovácsi";"city"
18;1883;"Nagymaros";"city"
18;1884;"Nagytarcsa";"city"
18;1885;"Nyáregyháza";"city"
18;1886;"Nyársapát";"city"
18;1887;"Ócsa";"city"
18;1888;"Őrbottyán";"city"
18;1889;"Örkény";"city"
18;1890;"Pánd";"city"
18;1891;"Páty";"city"
18;1892;"Pécel";"city"
18;1893;"Penc";"city"
18;1894;"Perbál";"city"
18;1895;"Perőcsény";"city"
18;1896;"Péteri";"city"
18;1897;"Pilis";"city"
18;1898;"Pilisborosjenő";"city"
18;1899;"Piliscsaba";"city"
18;1900;"Pilisjászfalu";"city"
18;1901;"Pilisszántó";"city"
18;1902;"Pilisszentiván";"city"
18;1903;"Pilisszentkereszt";"city"
18;1904;"Pilisszentlászló";"city"
18;1905;"Pilisvörösvár";"city"
18;1906;"Pócsmegyer";"city"
18;1907;"Pomáz";"city"
18;1908;"Püspökhatvan";"city"
18;1909;"Püspökszilágy";"city"
18;1910;"Pusztavacs";"city"
18;1911;"Pusztazámor";"city"
18;1912;"Ráckeve";"city"
18;1913;"Rád";"city"
18;1914;"Remeteszőlős";"city"
18;1915;"Solymár";"city"
18;1916;"Sóskút";"city"
18;1917;"Sülysáp";"city"
18;1918;"Szada";"city"
18;1919;"Százhalombatta";"city"
18;1920;"Szentendre";"city"
18;1921;"Szentlőrinckáta";"city"
18;1922;"Szentmártonkáta";"city"
18;1923;"Szigetbecse";"city"
18;1924;"Szigetcsép";"city"
18;1925;"Szigethalom";"city"
18;1926;"Szigetmonostor";"city"
18;1927;"Szigetszentmárton";"city"
18;1928;"Szigetszentmiklós";"city"
18;1929;"Szigetújfalu";"city"
18;1930;"Szob";"city"
18;1931;"Sződ";"city"
18;1932;"Sződliget";"city"
18;1933;"Szokolya";"city"
18;1934;"Táborfalva";"city"
18;1935;"Tahitótfalu";"city"
18;1936;"Taksony";"city"
18;1937;"Tápióbicske";"city"
18;1938;"Tápiógyörgye";"city"
18;1939;"Tápióság";"city"
18;1940;"Tápiószecső";"city"
18;1941;"Tápiószele";"city"
18;1942;"Tápiószentmárton";"city"
18;1943;"Tápiószőlős";"city"
18;1944;"Tárnok";"city"
18;1945;"Tatárszentgyörgy";"city"
18;1946;"Telki";"city"
18;1947;"Tésa";"city"
18;1948;"Tinnye";"city"
18;1949;"Tóalmás";"city"
18;1950;"Tök";"city"
18;1951;"Tököl";"city"
18;1952;"Törökbálint";"city"
18;1953;"Törtel";"city"
18;1954;"Tura";"city"
18;1955;"Újhartyán";"city"
18;1956;"Újlengyel";"city"
18;1957;"Újszilvás";"city"
18;1958;"Üllő";"city"
18;1959;"Úri";"city"
18;1960;"Üröm";"city"
18;1961;"Vác";"city"
18;1962;"Vácduka";"city"
18;1963;"Vácegres";"city"
18;1964;"Váchartyán";"city"
18;1965;"Váckisújfalu";"city"
18;1966;"Vácrátót";"city"
18;1967;"Vácszentlászló";"city"
18;1968;"Valkó";"city"
18;1969;"Vámosmikola";"city"
18;1970;"Vasad";"city"
18;1971;"Vecsés";"city"
18;1972;"Veresegyház";"city"
18;1973;"Verőce";"city"
18;1974;"Verseg";"city"
18;1975;"Visegrád";"city"
18;1976;"Zebegény";"city"
18;1977;"Zsámbék";"city"
18;1978;"Zsámbok";"city"
19;1979;"Ádánd";"city"
19;1980;"Alsóbogát";"city"
19;1981;"Andocs";"city"
19;1982;"Babócsa";"city"
19;1983;"Bábonymegyer";"city"
19;1984;"Bakháza";"city"
19;1985;"Balatonberény";"city"
19;1986;"Balatonboglár";"city"
19;1987;"Balatonboglár-Szőlőskislak";"city"
19;1988;"Balatonendréd";"city"
19;1989;"Balatonfenyves";"city"
19;1990;"Balatonföldvár";"city"
19;1991;"Balatonkeresztúr";"city"
19;1992;"Balatonlelle";"city"
19;1993;"Balatonmáriafürdő";"city"
19;1994;"Balatonőszöd";"city"
19;1995;"Balatonszabadi";"city"
19;1996;"Balatonszárszó";"city"
19;1997;"Balatonszemes";"city"
19;1998;"Balatonszentgyörgy";"city"
19;1999;"Balatonújlak";"city"
19;2000;"Bálványos";"city"
19;2001;"Barcs";"city"
19;2002;"Bárdudvarnok";"city"
19;2003;"Baté";"city"
19;2004;"Bedegkér";"city"
19;2005;"Bélavár";"city"
19;2006;"Beleg";"city"
19;2007;"Berzence";"city"
19;2008;"Bodrog";"city"
19;2009;"Böhönye";"city"
19;2010;"Bolhás";"city"
19;2011;"Bolhó";"city"
19;2012;"Bonnya";"city"
19;2013;"Bőszénfa";"city"
19;2014;"Büssü";"city"
19;2015;"Buzsák";"city"
19;2016;"Csákány";"city"
19;2017;"Cserénfa";"city"
19;2018;"Csököly";"city"
19;2019;"Csokonyavisonta";"city"
19;2020;"Csoma";"city"
19;2021;"Csombárd";"city"
19;2022;"Csömend";"city"
19;2023;"Csurgó";"city"
19;2024;"Csurgónagymarton";"city"
19;2025;"Darány";"city"
19;2026;"Drávagárdony";"city"
19;2027;"Drávatamási";"city"
19;2028;"Ecseny";"city"
19;2029;"Edde";"city"
19;2030;"Felsőmocsolád";"city"
19;2031;"Fiad";"city"
19;2032;"Fonó";"city"
19;2033;"Főnyed";"city"
19;2034;"Fonyód";"city"
19;2035;"Gadács";"city"
19;2036;"Gadány";"city"
19;2037;"Gálosfa";"city"
19;2038;"Gamás";"city"
19;2039;"Gige";"city"
19;2040;"Gölle";"city"
19;2041;"Görgeteg";"city"
19;2042;"Gyékényes";"city"
19;2043;"Gyugy";"city"
19;2044;"Hács";"city"
19;2045;"Hajmás";"city"
19;2046;"Háromfa";"city"
19;2047;"Hedrehely";"city"
19;2048;"Hencse";"city"
19;2049;"Heresznye";"city"
19;2050;"Hetes";"city"
19;2051;"Hollád";"city"
19;2052;"Homokszentgyörgy";"city"
19;2053;"Hosszúvíz";"city"
19;2054;"Igal";"city"
19;2055;"Iharos";"city"
19;2056;"Iharosberény";"city"
19;2057;"Inke";"city"
19;2058;"Istvándi";"city"
19;2059;"Jákó";"city"
19;2060;"Juta";"city"
19;2061;"Kadarkút";"city"
19;2062;"Kálmáncsa";"city"
19;2063;"Kánya";"city"
19;2064;"Kapoly";"city"
19;2065;"Kaposfő";"city"
19;2066;"Kaposgyarmat";"city"
19;2067;"Kaposhomok";"city"
19;2068;"Kaposkeresztúr";"city"
19;2069;"Kaposmérő";"city"
19;2070;"Kaposszerdahely";"city"
19;2071;"Kaposújlak";"city"
19;2072;"Kaposvár";"city"
19;2073;"Kára";"city"
19;2074;"Karád";"city"
19;2075;"Kastélyosdombó";"city"
19;2076;"Kaszó";"city"
19;2077;"Kazsok";"city"
19;2078;"Kelevíz";"city"
19;2079;"Kercseliget";"city"
19;2080;"Kereki";"city"
19;2081;"Kéthely";"city"
19;2082;"Kisasszond";"city"
19;2083;"Kisbajom";"city"
19;2084;"Kisbárapáti";"city"
19;2085;"Kisberény";"city"
19;2086;"Kisgyalán";"city"
19;2087;"Kiskorpád";"city"
19;2088;"Kőkút";"city"
19;2089;"Komlósd";"city"
19;2090;"Kőröshegy";"city"
19;2091;"Kötcse";"city"
19;2092;"Kutas";"city"
19;2093;"Lábod";"city"
19;2094;"Lad";"city"
19;2095;"Lakócsa";"city"
19;2096;"Látrány";"city"
19;2097;"Lengyeltóti";"city"
19;2098;"Libickozma";"city"
19;2099;"Lulla";"city"
19;2100;"Magyaratád";"city"
19;2101;"Magyaregres";"city"
19;2102;"Marcali";"city"
19;2103;"Marcali-Bize";"city"
19;2104;"Marcali-Horvátkút";"city"
19;2105;"Mernye";"city"
19;2106;"Mesztegnyő";"city"
19;2107;"Mezőcsokonya";"city"
19;2108;"Mike";"city"
19;2109;"Miklósi";"city"
19;2110;"Mosdós";"city"
19;2111;"Nágocs";"city"
19;2112;"Nagyatád";"city"
19;2113;"Nagybajom";"city"
19;2114;"Nagyberény";"city"
19;2115;"Nagyberki";"city"
19;2116;"Nagycsepely";"city"
19;2117;"Nagykorpád";"city"
19;2118;"Nagyszakácsi";"city"
19;2119;"Nemesdéd";"city"
19;2120;"Nemeskisfalud";"city"
19;2121;"Nemesvid";"city"
19;2122;"Nikla";"city"
19;2123;"Nyim";"city"
19;2124;"Orci";"city"
19;2125;"Ordacsehi";"city"
19;2126;"Öreglak";"city"
19;2127;"Őrtilos";"city"
19;2128;"Osztopán";"city"
19;2129;"Ötvöskónyi";"city"
19;2130;"Pálmajor";"city"
19;2131;"Pamuk";"city"
19;2132;"Patalom";"city"
19;2133;"Patca";"city"
19;2134;"Patosfa";"city"
19;2135;"Péterhida";"city"
19;2136;"Pogányszentpéter";"city"
19;2137;"Polány";"city"
19;2138;"Porrog";"city"
19;2139;"Porrogszentkirály";"city"
19;2140;"Porrogszentpál";"city"
19;2141;"Potony";"city"
19;2142;"Pusztakovácsi";"city"
19;2143;"Pusztaszemes";"city"
19;2144;"Ráksi";"city"
19;2145;"Rinyabesenyő";"city"
19;2146;"Rinyakovácsi";"city"
19;2147;"Rinyaszentkirály";"city"
19;2148;"Rinyaújlak";"city"
19;2149;"Rinyaújnép";"city"
19;2150;"Ságvár";"city"
19;2151;"Sántos";"city"
19;2152;"Sávoly";"city"
19;2153;"Segesd";"city"
19;2154;"Sérsekszőlős";"city"
19;2155;"Simonfa";"city"
19;2156;"Siófok";"city"
19;2157;"Siójut";"city"
19;2158;"Som";"city"
19;2159;"Somodor";"city"
19;2160;"Somogyacsa";"city"
19;2161;"Somogyaracs";"city"
19;2162;"Somogyaszaló";"city"
19;2163;"Somogybabod";"city"
19;2164;"Somogybükkösd";"city"
19;2165;"Somogycsicsó";"city"
19;2166;"Somogydöröcske";"city"
19;2167;"Somogyegres";"city"
19;2168;"Somogyfajsz";"city"
19;2169;"Somogygeszti";"city"
19;2170;"Somogyjád";"city"
19;2171;"Somogymeggyes";"city"
19;2172;"Somogysámson";"city"
19;2173;"Somogysárd";"city"
19;2174;"Somogysimonyi";"city"
19;2175;"Somogyszentpál";"city"
19;2176;"Somogyszil";"city"
19;2177;"Somogyszob";"city"
19;2178;"Somogytúr";"city"
19;2179;"Somogyudvarhely";"city"
19;2180;"Somogyvámos";"city"
19;2181;"Somogyvár";"city"
19;2182;"Somogyzsitfa";"city"
19;2183;"Szabadi";"city"
19;2184;"Szabás";"city"
19;2185;"Szántód";"city"
19;2186;"Szegerdő";"city"
19;2187;"Szenna";"city"
19;2188;"Szenta";"city"
19;2189;"Szentbalázs";"city"
19;2190;"Szentborbás";"city"
19;2191;"Szentgáloskér";"city"
19;2192;"Szenyér";"city"
19;2193;"Szilvásszentmárton";"city"
19;2194;"Szőkedencs";"city"
19;2195;"Szólád";"city"
19;2196;"Szőlősgyörök";"city"
19;2197;"Szorosad";"city"
19;2198;"Szulok";"city"
19;2199;"Tab";"city"
19;2200;"Tapsony";"city"
19;2201;"Tarany";"city"
19;2202;"Táska";"city"
19;2203;"Taszár";"city"
19;2204;"Teleki";"city"
19;2205;"Tengőd";"city"
19;2206;"Tikos";"city"
19;2207;"Törökkoppány";"city"
19;2208;"Torvaj";"city"
19;2209;"Tótújfalu";"city"
19;2210;"Újvárfalva";"city"
19;2211;"Varászló";"city"
19;2212;"Várda";"city"
19;2213;"Vése";"city"
19;2214;"Visnye";"city"
19;2215;"Visz";"city"
19;2216;"Vízvár";"city"
19;2217;"Vörs";"city"
19;2218;"Zákány";"city"
19;2219;"Zákányfalu";"city"
19;2220;"Zala";"city"
19;2221;"Zamárdi";"city"
19;2222;"Zics";"city"
19;2223;"Zimány";"city"
19;2224;"Zselickisfalud";"city"
19;2225;"Zselickislak";"city"
19;2226;"Zselicszentpál";"city"
20;2227;"Ajak";"city"
20;2228;"Anarcs";"city"
20;2229;"Apagy";"city"
20;2230;"Aranyosapáti";"city"
20;2231;"Baktalórántháza";"city"
20;2232;"Balkány";"city"
20;2233;"Balsa";"city"
20;2234;"Barabás";"city"
20;2235;"Bátorliget";"city"
20;2236;"Benk";"city"
20;2237;"Beregdaróc";"city"
20;2238;"Beregsurány";"city"
20;2239;"Berkesz";"city"
20;2240;"Besenyőd";"city"
20;2241;"Beszterec";"city"
20;2242;"Biri";"city"
20;2243;"Bököny";"city"
20;2244;"Botpalád";"city"
20;2245;"Buj";"city"
20;2246;"Cégénydányád";"city"
20;2247;"Csaholc";"city"
20;2248;"Csaroda";"city"
20;2249;"Császló";"city"
20;2250;"Csegöld";"city"
20;2251;"Csenger";"city"
20;2252;"Csengersima";"city"
20;2253;"Csengerújfalu";"city"
20;2254;"Darnó";"city"
20;2255;"Demecser";"city"
20;2256;"Döge";"city"
20;2257;"Dombrád";"city"
20;2258;"Encsencs";"city"
20;2259;"Eperjeske";"city"
20;2260;"Érpatak";"city"
20;2261;"Fábiánháza";"city"
20;2262;"Fehérgyarmat";"city"
20;2263;"Fényeslitke";"city"
20;2264;"Fülesd";"city"
20;2265;"Fülpösdaróc";"city"
20;2266;"Gacsály";"city"
20;2267;"Garbolc";"city"
20;2268;"Gávavencsellő";"city"
20;2269;"Géberjén";"city"
20;2270;"Gégény";"city"
20;2271;"Gelénes";"city"
20;2272;"Gemzse";"city"
20;2273;"Geszteréd";"city"
20;2274;"Gulács";"city"
20;2275;"Győröcske";"city"
20;2276;"Győrtelek";"city"
20;2277;"Gyügye";"city"
20;2278;"Gyulaháza";"city"
20;2279;"Gyüre";"city"
20;2280;"Hermánszeg";"city"
20;2281;"Hetefejércse";"city"
20;2282;"Hodász";"city"
20;2283;"Ibrány";"city"
20;2284;"Ilk";"city"
20;2285;"Jánd";"city"
20;2286;"Jánkmajtis";"city"
20;2287;"Jármi";"city"
20;2288;"Jéke";"city"
20;2289;"Kállósemjén";"city"
20;2290;"Kálmánháza";"city"
20;2291;"Kántorjánosi";"city"
20;2292;"Kék";"city"
20;2293;"Kékcse";"city"
20;2294;"Kemecse";"city"
20;2295;"Kérsemjén";"city"
20;2296;"Kisar";"city"
20;2297;"Kishódos";"city"
20;2298;"Kisléta";"city"
20;2299;"Kisnamény";"city"
20;2300;"Kispalád";"city"
20;2301;"Kisszekeres";"city"
20;2302;"Kisvárda";"city"
20;2303;"Kisvarsány";"city"
20;2304;"Kocsord";"city"
20;2305;"Kölcse";"city"
20;2306;"Komlódtótfalu";"city"
20;2307;"Komoró";"city"
20;2308;"Kömörő";"city"
20;2309;"Kótaj";"city"
20;2310;"Laskod";"city"
20;2311;"Levelek";"city"
20;2312;"Lónya";"city"
20;2313;"Lövőpetri";"city"
20;2314;"Magosliget";"city"
20;2315;"Magy";"city"
20;2316;"Mánd";"city"
20;2317;"Mándok";"city"
20;2318;"Máriapócs";"city"
20;2319;"Márokpapi";"city"
20;2320;"Mátészalka";"city"
20;2321;"Mátyus";"city"
20;2322;"Méhtelek";"city"
20;2323;"Mérk";"city"
20;2324;"Mezőladány";"city"
20;2325;"Milota";"city"
20;2326;"Nábrád";"city"
20;2327;"Nagyar";"city"
20;2328;"Nagycserkesz";"city"
20;2329;"Nagydobos";"city"
20;2330;"Nagyecsed";"city"
20;2331;"Nagyhalász";"city"
20;2332;"Nagyhódos";"city"
20;2333;"Nagykálló";"city"
20;2334;"Nagyszekeres";"city"
20;2335;"Nagyvarsány";"city"
20;2336;"Napkor";"city"
20;2337;"Nemesborzova";"city"
20;2338;"Nyírbátor";"city"
20;2339;"Nyírbéltek";"city"
20;2340;"Nyírbogát";"city"
20;2341;"Nyírbogdány";"city"
20;2342;"Nyírcsaholy";"city"
20;2343;"Nyírcsászári";"city"
20;2344;"Nyírderzs";"city"
20;2345;"Nyíregyháza";"city"
20;2346;"Nyíregyháza-Butykatelep";"city"
20;2347;"Nyíregyháza-Felsősima";"city"
20;2348;"Nyíregyháza-Sóstófürdő";"city"
20;2349;"Nyíregyháza-Sóstóhegy";"city"
20;2350;"Nyírgelse";"city"
20;2351;"Nyírgyulaj";"city"
20;2352;"Nyíribrony";"city"
20;2353;"Nyírjákó";"city"
20;2354;"Nyírkarász";"city"
20;2355;"Nyírkáta";"city"
20;2356;"Nyírkércs";"city"
20;2357;"Nyírlövő";"city"
20;2358;"Nyírlugos";"city"
20;2359;"Nyírmada";"city"
20;2360;"Nyírmeggyes";"city"
20;2361;"Nyírmihálydi";"city"
20;2362;"Nyírparasznya";"city"
20;2363;"Nyírpazony";"city"
20;2364;"Nyírpilis";"city"
20;2365;"Nyírtass";"city"
20;2366;"Nyírtelek";"city"
20;2367;"Nyírtét";"city"
20;2368;"Nyírtura";"city"
20;2369;"Nyírvasvári";"city"
20;2370;"Ófehértó";"city"
20;2371;"Ököritófülpös";"city"
20;2372;"Olcsva";"city"
20;2373;"Olcsvaapáti";"city"
20;2374;"Ömböly";"city"
20;2375;"Ópályi";"city"
20;2376;"Őr";"city"
20;2377;"Panyola";"city"
20;2378;"Pap";"city"
20;2379;"Papos";"city"
20;2380;"Paszab";"city"
20;2381;"Pátroha";"city"
20;2382;"Pátyod";"city"
20;2383;"Penészlek";"city"
20;2384;"Penyige";"city"
20;2385;"Petneháza";"city"
20;2386;"Piricse";"city"
20;2387;"Pócspetri";"city"
20;2388;"Porcsalma";"city"
20;2389;"Pusztadobos";"city"
20;2390;"Rakamaz";"city"
20;2391;"Ramocsaháza";"city"
20;2392;"Rápolt";"city"
20;2393;"Rétközberencs";"city"
20;2394;"Rohod";"city"
20;2395;"Rozsály";"city"
20;2396;"Sényő";"city"
20;2397;"Sonkád";"city"
20;2398;"Szabolcs";"city"
20;2399;"Szabolcsbáka";"city"
20;2400;"Szabolcsveresmart";"city"
20;2401;"Szakoly";"city"
20;2402;"Szamosangyalos";"city"
20;2403;"Szamosbecs";"city"
20;2404;"Szamoskér";"city"
20;2405;"Szamossályi";"city"
20;2406;"Szamosszeg";"city"
20;2407;"Szamostatárfalva";"city"
20;2408;"Szamosújlak";"city"
20;2409;"Szatmárcseke";"city"
20;2410;"Székely";"city"
20;2411;"Szorgalmas";"city"
20;2412;"Tákos";"city"
20;2413;"Tarpa";"city"
20;2414;"Terem";"city"
20;2415;"Tiborszállás";"city"
20;2416;"Timár";"city"
20;2417;"Tiszaadony";"city"
20;2418;"Tiszabecs";"city"
20;2419;"Tiszabercel";"city"
20;2420;"Tiszabezdéd";"city"
20;2421;"Tiszacsécse";"city"
20;2422;"Tiszadada";"city"
20;2423;"Tiszadob";"city"
20;2424;"Tiszaeszlár";"city"
20;2425;"Tiszaeszlár-Basahalom";"city"
20;2426;"Tiszakanyár";"city"
20;2427;"Tiszakerecseny";"city"
20;2428;"Tiszakóród";"city"
20;2429;"Tiszalök";"city"
20;2430;"Tiszalök-Kisfástanya";"city"
20;2431;"Tiszamogyorós";"city"
20;2432;"Tiszanagyfalu";"city"
20;2433;"Tiszarád";"city"
20;2434;"Tiszaszalka";"city"
20;2435;"Tiszaszentmárton";"city"
20;2436;"Tiszatelek";"city"
20;2437;"Tiszatelek-Kétérköz";"city"
20;2438;"Tiszavasvári";"city"
20;2439;"Tiszavid";"city"
20;2440;"Tisztaberek";"city"
20;2441;"Tivadar";"city"
20;2442;"Tornyospálca";"city"
20;2443;"Tunyogmatolcs";"city"
20;2444;"Túristvándi";"city"
20;2445;"Túrricse";"city"
20;2446;"Tuzsér";"city"
20;2447;"Tyukod";"city"
20;2448;"Újdombrád";"city"
20;2449;"Újfehértó";"city"
20;2450;"Újkenéz";"city"
20;2451;"Ura";"city"
20;2452;"Uszka";"city"
20;2453;"Vaja";"city"
20;2454;"Vállaj";"city"
20;2455;"Vámosatya";"city"
20;2456;"Vámosoroszi";"city"
20;2457;"Vásárosnamény";"city"
20;2458;"Vasmegyer";"city"
20;2459;"Záhony";"city"
20;2460;"Zajta";"city"
20;2461;"Zsarolyán";"city"
20;2462;"Zsurk";"city"
21;2574;"Alsónána";"city"
21;2575;"Alsónyék";"city"
21;2576;"Aparhant";"city"
21;2577;"Attala";"city"
21;2578;"Báta";"city"
21;2579;"Bátaapáti";"city"
21;2580;"Bátaszék";"city"
21;2581;"Belecska";"city"
21;2582;"Bikács";"city"
21;2583;"Bogyiszló";"city"
21;2584;"Bölcske";"city"
21;2585;"Bonyhád";"city"
21;2586;"Bonyhádvarasd";"city"
21;2587;"Cikó";"city"
21;2588;"Csibrák";"city"
21;2589;"Csikóstőttős";"city"
21;2590;"Dalmand";"city"
21;2591;"Decs";"city"
21;2592;"Diósberény";"city"
21;2593;"Döbrököz";"city"
21;2594;"Dombóvár";"city"
21;2595;"Dunaföldvár";"city"
21;2596;"Dunaszentgyörgy";"city"
21;2597;"Dúzs";"city"
21;2598;"Értény";"city"
21;2599;"Fácánkert";"city"
21;2600;"Fadd";"city"
21;2601;"Felsőnána";"city"
21;2602;"Felsőnyék";"city"
21;2603;"Fürged";"city"
21;2604;"Gerjen";"city"
21;2605;"Grábóc";"city"
21;2606;"Gyönk";"city"
21;2607;"Györe";"city"
21;2608;"Györköny";"city"
21;2609;"Gyulaj";"city"
21;2610;"Harc";"city"
21;2611;"Hőgyész";"city"
21;2612;"Iregszemcse";"city"
21;2613;"Izmény";"city"
21;2614;"Jágónak";"city"
21;2615;"Kajdacs";"city"
21;2616;"Kakasd";"city"
21;2617;"Kalaznó";"city"
21;2618;"Kapospula";"city"
21;2619;"Kaposszekcső";"city"
21;2620;"Keszőhidegkút";"city"
21;2621;"Kéty";"city"
21;2622;"Kisdorog";"city"
21;2623;"Kismányok";"city"
21;2624;"Kisszékely";"city"
21;2625;"Kistormás";"city"
21;2626;"Kisvejke";"city"
21;2627;"Kocsola";"city"
21;2628;"Kölesd";"city"
21;2629;"Koppányszántó";"city"
21;2630;"Kurd";"city"
21;2631;"Lápafő";"city"
21;2632;"Madocsa";"city"
21;2633;"Magyarkeszi";"city"
21;2634;"Medina";"city"
21;2635;"Miszla";"city"
21;2636;"Mőcsény";"city"
21;2637;"Mórágy";"city"
21;2638;"Mucsfa";"city"
21;2639;"Mucsi";"city"
21;2640;"Murga";"city"
21;2641;"Nagydorog";"city"
21;2642;"Nagykónyi";"city"
21;2643;"Nagymányok";"city"
21;2644;"Nagyszékely";"city"
21;2645;"Nagyszokoly";"city"
21;2646;"Nagyvejke";"city"
21;2647;"Nak";"city"
21;2648;"Németkér";"city"
21;2649;"Őcsény";"city"
21;2650;"Ozora";"city"
21;2651;"Paks";"city"
21;2652;"Pálfa";"city"
21;2653;"Pincehely";"city"
21;2654;"Pörböly";"city"
21;2655;"Pusztahencse";"city"
21;2656;"Regöly";"city"
21;2657;"Sárpilis";"city"
21;2658;"Sárszentlőrinc";"city"
21;2659;"Simontornya";"city"
21;2660;"Sióagárd";"city"
21;2661;"Szakadát";"city"
21;2662;"Szakály";"city"
21;2663;"Szakcs";"city"
21;2664;"Szálka";"city"
21;2665;"Szárász";"city"
21;2666;"Szárazd";"city"
21;2667;"Szedres";"city"
21;2668;"Szekszárd";"city"
21;2669;"Tamási";"city"
21;2670;"Tamási-Pári";"city"
21;2671;"Tarrós";"city"
21;2672;"Tengelic";"city"
21;2673;"Tevel";"city"
21;2674;"Tolna";"city"
21;2675;"Tolna-Mözs";"city"
21;2676;"Tolnanémedi";"city"
21;2677;"Udvari";"city"
21;2678;"Újireg";"city"
21;2679;"Váralja";"city"
21;2680;"Várdomb";"city"
21;2681;"Várong";"city"
21;2682;"Varsád";"city"
21;2683;"Závod";"city"
21;2684;"Zomba";"city"
23;2909;"Ábrahámhegy";"city"
23;2910;"Adásztevel";"city"
23;2911;"Adorjánháza";"city"
23;2912;"Ajka";"city"
23;2913;"Ajka-Ajkarendek";"city"
23;2914;"Ajka-Bakonygyepes";"city"
23;2915;"Ajka-Padragkút";"city"
23;2916;"Alsóörs";"city"
23;2917;"Apácatorna";"city"
23;2918;"Aszófő";"city"
23;2919;"Badacsonytomaj";"city"
23;2920;"Badacsonytomaj-Badacsony";"city"
23;2921;"Badacsonytomaj-Badacsonyörs";"city"
23;2922;"Badacsonytördemic";"city"
23;2923;"Bakonybél";"city"
23;2924;"Bakonygyirót";"city"
23;2925;"Bakonyjákó";"city"
23;2926;"Bakonykoppány";"city"
23;2927;"Bakonynána";"city"
23;2928;"Bakonyoszlop";"city"
23;2929;"Bakonypéterd";"city"
23;2930;"Bakonypölöske";"city"
23;2931;"Bakonyság";"city"
23;2932;"Bakonyszentiván";"city"
23;2933;"Bakonyszentkirály";"city"
23;2934;"Bakonyszentlászló";"city"
23;2935;"Bakonyszücs";"city"
23;2936;"Bakonytamási";"city"
23;2937;"Balatonakali";"city"
23;2938;"Balatonalmádi";"city"
23;2939;"Balatoncsicsó";"city"
23;2940;"Balatonederics";"city"
23;2941;"Balatonfőkajár";"city"
23;2942;"Balatonfüred";"city"
23;2943;"Balatonfüred-Balatonarács";"city"
23;2944;"Balatonfűzfő";"city"
23;2945;"Balatonfűzfő-Fűzfőgyártelep";"city"
23;2946;"Balatonhenye";"city"
23;2947;"Balatonkenese";"city"
23;2948;"Balatonkenese-Balatonakarattya";"city"
23;2949;"Balatonrendes";"city"
23;2950;"Balatonszepezd";"city"
23;2951;"Balatonszőlős";"city"
23;2952;"Balatonudvari";"city"
23;2953;"Balatonvilágos";"city"
23;2954;"Bánd";"city"
23;2955;"Barnag";"city"
23;2956;"Bazsi";"city"
23;2957;"Béb";"city"
23;2958;"Békás";"city"
23;2959;"Berhida";"city"
23;2960;"Berhida-Peremarton";"city"
23;2961;"Bodorfa";"city"
23;2962;"Borszörcsök";"city"
23;2963;"Borzavár";"city"
23;2964;"Csabrendek";"city"
23;2965;"Csajág";"city"
23;2966;"Csehbánya";"city"
23;2967;"Csesznek";"city"
23;2968;"Csetény";"city"
23;2969;"Csögle";"city"
23;2970;"Csopak";"city"
23;2971;"Csót";"city"
23;2972;"Dabronc";"city"
23;2973;"Dabrony";"city"
23;2974;"Dáka";"city"
23;2975;"Devecser";"city"
23;2976;"Doba";"city"
23;2977;"Döbrönte";"city"
23;2978;"Dörgicse";"city"
23;2979;"Dudar";"city"
23;2980;"Egeralja";"city"
23;2981;"Egyházaskesző";"city"
23;2982;"Eplény";"city"
23;2983;"Farkasgyepű";"city"
23;2984;"Felsőörs";"city"
23;2985;"Fenyőfő";"city"
23;2986;"Ganna";"city"
23;2987;"Gecse";"city"
23;2988;"Gic";"city"
23;2989;"Gógánfa";"city"
23;2990;"Gyepükaján";"city"
23;2991;"Gyulakeszi";"city"
23;2992;"Hajmáskér";"city"
23;2993;"Halimba";"city"
23;2994;"Hárskút";"city"
23;2995;"Hegyesd";"city"
23;2996;"Hegymagas";"city"
23;2997;"Herend";"city"
23;2998;"Hetyefő";"city"
23;2999;"Hidegkút";"city"
23;3000;"Homokbödöge";"city"
23;3001;"Hosztót";"city"
23;3002;"Iszkáz";"city"
23;3003;"Jásd";"city"
23;3004;"Kamond";"city"
23;3005;"Kapolcs";"city"
23;3006;"Káptalanfa";"city"
23;3007;"Káptalantóti";"city"
23;3008;"Karakószörcsök";"city"
23;3009;"Kékkút";"city"
23;3010;"Kemeneshőgyész";"city"
23;3011;"Kemenesszentpéter";"city"
23;3012;"Kerta";"city"
23;3013;"Királyszentistván";"city"
23;3014;"Kisapáti";"city"
23;3015;"Kisberzseny";"city"
23;3016;"Kiscsősz";"city"
23;3017;"Kislőd";"city"
23;3018;"Kispirit";"city"
23;3019;"Kisszőlős";"city"
23;3020;"Kolontár";"city"
23;3021;"Kővágóörs";"city"
23;3022;"Köveskál";"city"
23;3023;"Külsővat";"city"
23;3024;"Küngös";"city"
23;3025;"Kup";"city"
23;3026;"Lázi";"city"
23;3027;"Lesencefalu";"city"
23;3028;"Lesenceistvánd";"city"
23;3029;"Lesencetomaj";"city"
23;3030;"Litér";"city"
23;3031;"Lókút";"city"
23;3032;"Lovas";"city"
23;3033;"Lovászpatona";"city"
23;3034;"Magyargencs";"city"
23;3035;"Magyarpolány";"city"
23;3036;"Malomsok";"city"
23;3037;"Marcalgergelyi";"city"
23;3038;"Marcaltő";"city"
23;3039;"Marcaltő-Ihász";"city"
23;3040;"Márkó";"city"
23;3041;"Megyer";"city"
23;3042;"Mencshely";"city"
23;3043;"Mezőlak";"city"
23;3044;"Mihályháza";"city"
23;3045;"Mindszentkálla";"city"
23;3046;"Monostorapáti";"city"
23;3047;"Monoszló";"city"
23;3048;"Nagyacsád";"city"
23;3049;"Nagyalásony";"city"
23;3050;"Nagydém";"city"
23;3051;"Nagyesztergár";"city"
23;3052;"Nagygyimót";"city"
23;3053;"Nagypirit";"city"
23;3054;"Nagytevel";"city"
23;3055;"Nagyvázsony";"city"
23;3056;"Nemesgörzsöny";"city"
23;3057;"Nemesgulács";"city"
23;3058;"Nemeshany";"city"
23;3059;"Nemesszalók";"city"
23;3060;"Nemesvámos";"city"
23;3061;"Nemesvita";"city"
23;3062;"Németbánya";"city"
23;3063;"Nóráp";"city"
23;3064;"Noszlop";"city"
23;3065;"Nyárád";"city"
23;3066;"Nyirád";"city"
23;3067;"Óbudavár";"city"
23;3068;"Öcs";"city"
23;3069;"Olaszfalu";"city"
23;3070;"Oroszi";"city"
23;3071;"Örvényes";"city"
23;3072;"Ősi";"city"
23;3073;"Öskü";"city"
23;3074;"Paloznak";"city"
23;3075;"Pápa";"city"
23;3076;"Pápa-Borsosgyőr";"city"
23;3077;"Pápa-Kéttornyúlak";"city"
23;3078;"Pápadereske";"city"
23;3079;"Pápakovácsi";"city"
23;3080;"Pápasalamon";"city"
23;3081;"Pápateszér";"city"
23;3082;"Papkeszi";"city"
23;3083;"Pécsely";"city"
23;3084;"Pénzesgyőr";"city"
23;3085;"Pétfürdő";"city"
23;3086;"Porva";"city"
23;3087;"Pula";"city"
23;3088;"Pusztamiske";"city"
23;3089;"Raposka";"city"
23;3090;"Révfülöp";"city"
23;3091;"Rigács";"city"
23;3092;"Románd";"city"
23;3093;"Salföld";"city"
23;3094;"Sáska";"city"
23;3095;"Sikátor";"city"
23;3096;"Sóly";"city"
23;3097;"Somlójenő";"city"
23;3098;"Somlószőlős";"city"
23;3099;"Somlóvásárhely";"city"
23;3100;"Somlóvecse";"city"
23;3101;"Sümeg";"city"
23;3102;"Sümegprága";"city"
23;3103;"Szápár";"city"
23;3104;"Szentantalfa";"city"
23;3105;"Szentbékkálla";"city"
23;3106;"Szentgál";"city"
23;3107;"Szentimrefalva";"city"
23;3108;"Szentjakabfa";"city"
23;3109;"Szentkirályszabadja";"city"
23;3110;"Szigliget";"city"
23;3111;"Szőc";"city"
23;3112;"Tagyon";"city"
23;3113;"Takácsi";"city"
23;3114;"Taliándörögd";"city"
23;3115;"Tapolca";"city"
23;3116;"Tés";"city"
23;3117;"Tihany";"city"
23;3118;"Tótvázsony";"city"
23;3119;"Tüskevár";"city"
23;3120;"Ugod";"city"
23;3121;"Ukk";"city"
23;3122;"Úrkút";"city"
23;3123;"Uzsa";"city"
23;3124;"Vanyola";"city"
23;3125;"Várkesző";"city"
23;3126;"Városlőd";"city"
23;3127;"Várpalota";"city"
23;3128;"Vaszar";"city"
23;3129;"Vászoly";"city"
23;3130;"Veszprém";"city"
23;3131;"Veszprém-Gyulafirátót";"city"
23;3132;"Veszprém-Kádárta";"city"
23;3133;"Veszprémfajsz";"city"
23;3134;"Veszprémgalsa";"city"
23;3135;"Veszprémvarsány";"city"
23;3136;"Vid";"city"
23;3137;"Vigántpetend";"city"
23;3138;"Vilonya";"city"
23;3139;"Vinár";"city"
23;3140;"Vöröstó";"city"
23;3141;"Zalaerdőd";"city"
23;3142;"Zalagyömörő";"city"
23;3143;"Zalahaláp";"city"
23;3144;"Zalameggyes";"city"
23;3145;"Zalaszegvár";"city"
23;3146;"Zánka";"city"
23;3147;"Zirc";"city"
24;3148;"Alibánfa";"city"
24;3149;"Almásháza";"city"
24;3150;"Alsónemesapáti";"city"
24;3151;"Alsópáhok";"city"
24;3152;"Alsórajk";"city"
24;3153;"Alsószenterzsébet";"city"
24;3154;"Babosdöbréte";"city"
24;3155;"Baglad";"city"
24;3156;"Bagod";"city"
24;3157;"Bak";"city"
24;3158;"Baktüttös";"city"
24;3159;"Balatongyörök";"city"
24;3160;"Balatonmagyaród";"city"
24;3161;"Bánokszentgyörgy";"city"
24;3162;"Barlahida";"city"
24;3163;"Batyk";"city"
24;3164;"Bázakerettye";"city"
24;3165;"Becsehely";"city"
24;3166;"Becsvölgye";"city"
24;3167;"Belezna";"city"
24;3168;"Belsősárd";"city"
24;3169;"Bezeréd";"city"
24;3170;"Bocfölde";"city"
24;3171;"Bocska";"city"
24;3172;"Böde";"city"
24;3173;"Bödeháza";"city"
24;3174;"Bókaháza";"city"
24;3175;"Boncodfölde";"city"
24;3176;"Borsfa";"city"
24;3177;"Börzönce";"city"
24;3178;"Bucsuszentlászló";"city"
24;3179;"Bucsuta";"city"
24;3180;"Csapi";"city"
24;3181;"Csatár";"city"
24;3182;"Cserszegtomaj";"city"
24;3183;"Csertalakos";"city"
24;3184;"Csesztreg";"city"
24;3185;"Csöde";"city"
24;3186;"Csömödér";"city"
24;3187;"Csonkahegyhát";"city"
24;3188;"Csörnyeföld";"city"
24;3189;"Dióskál";"city"
24;3190;"Dobri";"city"
24;3191;"Döbröce";"city"
24;3192;"Dobronhegy";"city"
24;3193;"Dötk";"city"
24;3194;"Egeraracsa";"city"
24;3195;"Egervár";"city"
24;3196;"Eszteregnye";"city"
24;3197;"Esztergályhorváti";"city"
24;3198;"Felsőpáhok";"city"
24;3199;"Felsőrajk";"city"
24;3200;"Felsőszenterzsébet";"city"
24;3201;"Fityeház";"city"
24;3202;"Füzvölgy";"city"
24;3203;"Gáborjánháza";"city"
24;3204;"Galambok";"city"
24;3205;"Garabonc";"city"
24;3206;"Gellénháza";"city"
24;3207;"Gelse";"city"
24;3208;"Gelsesziget";"city"
24;3209;"Gétye";"city"
24;3210;"Gombosszeg";"city"
24;3211;"Gősfa";"city"
24;3212;"Gosztola";"city"
24;3213;"Gutorfölde";"city"
24;3214;"Gyenesdiás";"city"
24;3215;"Gyűrűs";"city"
24;3216;"Hagyárosbörönd";"city"
24;3217;"Hahót";"city"
24;3218;"Hernyék";"city"
24;3219;"Hévíz";"city"
24;3220;"Homokkomárom";"city"
24;3221;"Hosszúvölgy";"city"
24;3222;"Hottó";"city"
24;3223;"Iborfia";"city"
24;3224;"Iklódbördőce";"city"
24;3225;"Kacorlak";"city"
24;3226;"Kallósd";"city"
24;3227;"Kálócfa";"city"
24;3228;"Kányavár";"city"
24;3229;"Karmacs";"city"
24;3230;"Kávás";"city"
24;3231;"Kehidakustány";"city"
24;3232;"Kemendollár";"city"
24;3233;"Keménfa";"city"
24;3234;"Kerecseny";"city"
24;3235;"Kerkabarabás";"city"
24;3236;"Kerkafalva";"city"
24;3237;"Kerkakutas";"city"
24;3238;"Kerkaszentkirály";"city"
24;3239;"Kerkateskánd";"city"
24;3240;"Keszthely";"city"
24;3241;"Kilimán";"city"
24;3242;"Kisbucsa";"city"
24;3243;"Kiscsehi";"city"
24;3244;"Kisgörbő";"city"
24;3245;"Kiskutas";"city"
24;3246;"Kispáli";"city"
24;3247;"Kisrécse";"city"
24;3248;"Kissziget";"city"
24;3249;"Kistolmács";"city"
24;3250;"Kisvásárhely";"city"
24;3251;"Kozmadombja";"city"
24;3252;"Külsősárd";"city"
24;3253;"Kustánszeg";"city"
24;3254;"Lakhegy";"city"
24;3255;"Lasztonya";"city"
24;3256;"Lendvadedes";"city"
24;3257;"Lendvajakabfa";"city"
24;3258;"Lenti";"city"
24;3259;"Letenye";"city"
24;3260;"Lickóvadamos";"city"
24;3261;"Ligetfalva";"city"
24;3262;"Lispeszentadorján";"city"
24;3263;"Liszó";"city"
24;3264;"Lovászi";"city"
24;3265;"Magyarföld";"city"
24;3266;"Magyarszentmiklós";"city"
24;3267;"Magyarszerdahely";"city"
24;3268;"Maróc";"city"
24;3269;"Márokföld";"city"
24;3270;"Miháld";"city"
24;3271;"Mihályfa";"city"
24;3272;"Mikekarácsonyfa";"city"
24;3273;"Milejszeg";"city"
24;3274;"Misefa";"city"
24;3275;"Molnári";"city"
24;3276;"Murakeresztúr";"city"
24;3277;"Murarátka";"city"
24;3278;"Muraszemenye";"city"
24;3279;"Nagybakónak";"city"
24;3280;"Nagygörbő";"city"
24;3281;"Nagykanizsa";"city"
24;3282;"Nagykanizsa-Miklósfa";"city"
24;3283;"Nagykanizsa-Palin";"city"
24;3284;"Nagykanizsa-Sánc";"city"
24;3285;"Nagykapornak";"city"
24;3286;"Nagykutas";"city"
24;3287;"Nagylengyel";"city"
24;3288;"Nagypáli";"city"
24;3289;"Nagyrada";"city"
24;3290;"Nagyrécse";"city"
24;3291;"Nemesapáti";"city"
24;3292;"Nemesbük";"city"
24;3293;"Nemeshetés";"city"
24;3294;"Nemesnép";"city"
24;3295;"Nemespátró";"city"
24;3296;"Nemesrádó";"city"
24;3297;"Nemessándorháza";"city"
24;3298;"Nemesszentandrás";"city"
24;3299;"Németfalu";"city"
24;3300;"Nova";"city"
24;3301;"Óhid";"city"
24;3302;"Oltárc";"city"
24;3303;"Orbányosfa";"city"
24;3304;"Ormándlak";"city"
24;3305;"Orosztony";"city"
24;3306;"Ortaháza";"city"
24;3307;"Ozmánbük";"city"
24;3308;"Pacsa";"city"
24;3309;"Padár";"city"
24;3310;"Páka";"city"
24;3311;"Pakod";"city"
24;3312;"Pálfiszeg";"city"
24;3313;"Pat";"city"
24;3314;"Pethőhenye";"city"
24;3315;"Petrikeresztúr";"city"
24;3316;"Petrivente";"city"
24;3317;"Pókaszepetk";"city"
24;3318;"Pölöske";"city"
24;3319;"Pölöskefő";"city"
24;3320;"Pördefölde";"city"
24;3321;"Pórszombat";"city"
24;3322;"Pötréte";"city"
24;3323;"Pusztaapáti";"city"
24;3324;"Pusztaederics";"city"
24;3325;"Pusztamagyaród";"city"
24;3326;"Pusztaszentlászló";"city"
24;3327;"Ramocsa";"city"
24;3328;"Rédics";"city"
24;3329;"Resznek";"city"
24;3330;"Rezi";"city"
24;3331;"Rigyác";"city"
24;3332;"Salomvár";"city"
24;3333;"Sand";"city"
24;3334;"Sárhida";"city"
24;3335;"Sármellék";"city"
24;3336;"Semjénháza";"city"
24;3337;"Sénye";"city"
24;3338;"Söjtör";"city"
24;3339;"Sormás";"city"
24;3340;"Sümegcsehi";"city"
24;3341;"Surd";"city"
24;3342;"Szalapa";"city"
24;3343;"Szécsisziget";"city"
24;3344;"Szentgyörgyvár";"city"
24;3345;"Szentgyörgyvölgy";"city"
24;3346;"Szentkozmadombja";"city"
24;3347;"Szentliszló";"city"
24;3348;"Szentmargitfalva";"city"
24;3349;"Szentpéterfölde";"city"
24;3350;"Szentpéterúr";"city"
24;3351;"Szepetnek";"city"
24;3352;"Szijártóháza";"city"
24;3353;"Szilvágy";"city"
24;3354;"Teskánd";"city"
24;3355;"Tilaj";"city"
24;3356;"Tófej";"city"
24;3357;"Tormafölde";"city"
24;3358;"Tornyiszentmiklós";"city"
24;3359;"Tótszentmárton";"city"
24;3360;"Tótszerdahely";"city"
24;3361;"Türje";"city"
24;3362;"Újudvar";"city"
24;3363;"Valkonya";"city"
24;3364;"Vállus";"city"
24;3365;"Várfölde";"city"
24;3366;"Várvölgy";"city"
24;3367;"Vasboldogasszony";"city"
24;3368;"Vaspör";"city"
24;3369;"Vindornyafok";"city"
24;3370;"Vindornyalak";"city"
24;3371;"Vindornyaszőlős";"city"
24;3372;"Vöckönd";"city"
24;3373;"Vonyarcvashegy";"city"
24;3374;"Zajk";"city"
24;3375;"Zalaapáti";"city"
24;3376;"Zalabaksa";"city"
24;3377;"Zalabér";"city"
24;3378;"Zalaboldogfa";"city"
24;3379;"Zalacsány";"city"
24;3380;"Zalacséb";"city"
24;3381;"Zalaegerszeg";"city"
24;3382;"Zalaháshágy";"city"
24;3383;"Zalaigrice";"city"
24;3384;"Zalaistvánd";"city"
24;3385;"Zalakaros";"city"
24;3386;"Zalakomár";"city"
24;3387;"Zalaköveskút";"city"
24;3388;"Zalalövő";"city"
24;3389;"Zalamerenye";"city"
24;3390;"Zalasárszeg";"city"
24;3391;"Zalaszabar";"city"
24;3392;"Zalaszántó";"city"
24;3393;"Zalaszentbalázs";"city"
24;3394;"Zalaszentgrót";"city"
24;3395;"Zalaszentgrót-Csáford";"city"
24;3396;"Zalaszentgrót-Tekenye";"city"
24;3397;"Zalaszentgrót-Zalakoppány";"city"
24;3398;"Zalaszentgrót-Zalaudvarnok";"city"
24;3399;"Zalaszentgyörgy";"city"
24;3400;"Zalaszentiván";"city"
24;3401;"Zalaszentjakab";"city"
24;3402;"Zalaszentlászló";"city"
24;3403;"Zalaszentlőrinc";"city"
24;3404;"Zalaszentmárton";"city"
24;3405;"Zalaszentmihály";"city"
24;3406;"Zalaszombatfa";"city"
24;3407;"Zalatárnok";"city"
24;3408;"Zalaújlak";"city"
24;3409;"Zalavár";"city"
24;3410;"Zalavég";"city"
24;3411;"Zebecke";"city"
